[2026-08-06T01:07:02.447Z] GET https://www.supergiantgames.com/ → 200 (422ms, ?B)
[2026-08-06T01:07:03.047Z] GET https://cdn.jsdelivr.net/jquery.slick/1.3.7/slick.css → 200 (87ms, 1827B)
[2026-08-06T01:07:03.047Z] GET https://use.typekit.net/tbb7tun.css → 200 (556ms, 1131B)
[2026-08-06T01:07:03.047Z] GET https://use.fontawesome.com/releases/v5.9.0/css/all.css → 200 (746ms, 13442B)
[2026-08-06T01:07:03.047Z] GET https://s3.amazonaws.com/downloads.mailchimp.com/js/mc-validate.js → pending (?ms, ?B)
[2026-08-06T01:07:03.047Z] GET https://www.supergiantgames.com/webpack-runtime-cd5d5a121b1b4c336c1d.js → pending (?ms, ?B)
[2026-08-06T01:07:03.047Z] GET https://www.supergiantgames.com/framework-8f8cadd211f03ea7e319.js → pending (?ms, ?B)
[2026-08-06T01:07:03.047Z] GET https://www.supergiantgames.com/app-165f96ded31e45b0d36d.js → 200 (218ms, 17756B)
[2026-08-06T01:07:03.047Z] GET https://www.supergiantgames.com/styles-29147cbc04bbc833f6a0.js → 200 (832ms, 231B)
[2026-08-06T01:07:03.047Z] GET https://www.supergiantgames.com/commons-7c98bb65322e6eb5b1ba.js → 200 (292ms, 12799B)
[2026-08-06T01:07:03.047Z] GET https://www.supergiantgames.com/ce2090d9b9ff67f4e7e6f41c07b3795e15ba2b3d-e183b71f982aa167a28b.js → 200 (375ms, 7499B)
[2026-08-06T01:07:03.047Z] GET https://www.supergiantgames.com/4bd3cc6b4d16de4cb4f0694d12790c02e4c76e3e-6df9d733f8081fbfde46.js → pending (?ms, ?B)
[2026-08-06T01:07:03.048Z] GET https://www.supergiantgames.com/68b93072412c0b51d056112f27b3c42ac072fc36-4dcd21ac0740b04065c1.js → 200 (373ms, 14288B)
[2026-08-06T01:07:03.048Z] GET https://www.supergiantgames.com/4e9aed8bd9e5c85ae8a60a6a10213298bddf8e97-00dedd1d354611687aae.js → 200 (142ms, 13787B)
[2026-08-06T01:07:03.048Z] GET https://www.supergiantgames.com/component---src-pages-index-js-60e0777fd66b550e485b.js → pending (?ms, ?B)
[2026-08-06T01:07:03.048Z] GET https://www.supergiantgames.com/page-data/index/page-data.json → 200 (217ms, 20041B)
[2026-08-06T01:07:03.048Z] GET https://www.supergiantgames.com/page-data/sq/d/2213759086.json → 200 (142ms, 4095B)
[2026-08-06T01:07:03.048Z] GET https://www.supergiantgames.com/page-data/sq/d/601485258.json → 200 (143ms, 7114B)
[2026-08-06T01:07:03.048Z] GET https://www.supergiantgames.com/page-data/app-data.json → 200 (143ms, 135B)
[2026-08-06T01:07:03.048Z] GET https://images.ctfassets.net/5owu3y35gz1g/20dDwDGdAtF55hPHWgRQZD/c10d8219321f48beb2aceb44a65a9de3/header.jpg → 200 (90ms, 172780B)
[2026-08-06T01:07:03.049Z] GET https://images.ctfassets.net/5owu3y35gz1g/515iBuHUzspUUF0fVrrTsR/6c9180ac45abccfed0007e18639c4b80/logo_sg_final2.png → 200 (87ms, 11924B)
[2026-08-06T01:07:03.049Z] GET https://www.supergiantgames.com/icon_news.png → pending (?ms, ?B)
[2026-08-06T01:07:03.049Z] GET https://www.supergiantgames.com/icon_join.png → pending (?ms, ?B)
[2026-08-06T01:07:03.049Z] GET https://www.supergiantgames.com/icon_about.png → pending (?ms, ?B)
[2026-08-06T01:07:03.049Z] GET https://www.supergiantgames.com/icon_contact.png → pending (?ms, ?B)
[2026-08-06T01:07:03.049Z] GET https://www.supergiantgames.com/icon_merch.png → pending (?ms, ?B)
[2026-08-06T01:07:03.049Z] GET https://www.supergiantgames.com/x.png → pending (?ms, ?B)
[2026-08-06T01:07:03.115Z] GET https://www.supergiantgames.com/btn_steam.png → pending (?ms, ?B)
[2026-08-06T01:07:03.116Z] GET https://www.supergiantgames.com/btn_nintendo.png → pending (?ms, ?B)
[2026-08-06T01:07:03.117Z] GET https://www.supergiantgames.com/btn_ps.png → pending (?ms, ?B)
[2026-08-06T01:07:03.117Z] GET https://www.supergiantgames.com/btn_ms.png → pending (?ms, ?B)
[2026-08-06T01:07:03.117Z] GET https://www.supergiantgames.com/btn_epic.png → pending (?ms, ?B)
[2026-08-06T01:07:03.117Z] GET https://www.supergiantgames.com/btn_mac.png → pending (?ms, ?B)
[2026-08-06T01:07:03.604Z] GET https://p.typekit.net/p.css?s=1&k=tbb7tun&ht=tk&f=139.140.171.175.176.5474.16466.16467.16468.16469&a=477743&app=typekit&e=css → 200 (124ms, 173B)
[2026-08-06T01:07:04.649Z] GET https://www.supergiantgames.com/pw_maze_white.png → pending (?ms, ?B)
[2026-08-06T01:07:04.649Z] GET https://www.supergiantgames.com/halftoneGradient.png → 200 (227ms, ?B)
[2026-08-06T01:07:04.649Z] GET https://images.ctfassets.net/5owu3y35gz1g/5omtMu3WZMGDfoCP1pCFeF/ae8d3e8380bcd023b06972579c83e336/H2_Web_1200x500_Background_updated.png?w=1200&h=500&q=80&fit=fill → 200 (1ms, 2021145B)
[2026-08-06T01:07:04.649Z] GET https://images.ctfassets.net/5owu3y35gz1g/5Jxr4egmJLnV9OpCd0rQve/90538fda05567a59eb3c3cd0c8e1e222/Hades_Homepage_Banner_dark.png?w=1200&h=500&q=80&fit=fill → 200 (7ms, 215712B)
[2026-08-06T01:07:04.649Z] GET https://images.ctfassets.net/5owu3y35gz1g/Y6o5Vj6YAUcaEAew0Kw4m/3a91738a4739e58b3d049e0933c7317f/home.png?w=1200&h=500&q=80&fit=fill → 200 (44ms, 215860B)
[2026-08-06T01:07:04.649Z] GET https://images.ctfassets.net/5owu3y35gz1g/31t4NcXgCsI6smUcWCowSA/ee972a92493d2132a40b297ea7d9997f/1410458333376_home-trans-bg.jpg?w=1200&h=500&q=80&fit=fill → 200 (19ms, 41699B)
[2026-08-06T01:07:04.650Z] GET https://images.ctfassets.net/5owu3y35gz1g/2zv2r5hmZeE6oewMAQEWim/19d123c656f3fea92e3474f1452be303/1412639959977_Bastion_1_Calamity.png?w=1200&h=500&q=80&fit=fill → 200 (44ms, 402289B)
[2026-08-06T01:07:04.650Z] GET https://use.typekit.net/af/9b1c6c/00000000000000000001499c/21/l?subset_id=2&fvd=n7&v=3 → 200 (164ms, 14994B)
[2026-08-06T01:07:04.650Z] GET https://use.typekit.net/af/651407/0000000000000000000148a4/21/l?subset_id=2&fvd=n4&v=3 → 200 (165ms, 17375B)
[2026-08-06T01:07:04.650Z] GET https://use.fontawesome.com/releases/v5.9.0/webfonts/fa-brands-400.woff2 → pending (?ms, ?B)
[2026-08-06T01:07:04.650Z] GET https://use.fontawesome.com/releases/v5.9.0/webfonts/fa-solid-900.woff2 → pending (?ms, ?B)
[2026-08-06T01:07:04.650Z] GET https://use.typekit.net/af/3fa9e0/000000000000000000012653/21/l?subset_id=2&fvd=n7&v=3 → 200 (169ms, 19823B)
[2026-08-06T01:07:04.724Z] GET https://images.ctfassets.net/5owu3y35gz1g/4GhI9NSFcVNnPi1OKzpXAE/8c5778e55494a15f07192ad903251667/Hades_Concert_Social_800x450_v2B.png?w=350&h=200&q=80&fit=fill → 200 (74ms, 119625B)
[2026-08-06T01:07:04.724Z] GET https://images.ctfassets.net/5owu3y35gz1g/3UYrplhDm5qtoAln7X7r73/870ab638c85bc57cf57263b26c5f3a1e/Thumb_2_small.jpg?w=350&h=200&q=80&fit=fill → 200 (76ms, 16230B)
[2026-08-06T01:07:04.724Z] GET https://images.ctfassets.net/5owu3y35gz1g/2khwC0B7QFgiJWxclHzMZY/cd928bb7c5838142ff5b3f6b4f6c902e/Thumb_1_small.png?w=350&h=200&q=80&fit=fill → 200 (78ms, 95895B)
[2026-08-06T01:07:04.724Z] GET https://images.ctfassets.net/5owu3y35gz1g/4ZhfhuAegpeSC9m7cCrTj0/e918b36f3a0f69067d51dba5ab7a1533/HADESII_Cover_CMYK_Website.png?w=285&h=393&q=50 → pending (?ms, ?B)
[2026-08-06T01:07:04.724Z] GET https://images.ctfassets.net/5owu3y35gz1g/221gU3J0H5urRoHsNbYDpf/0b197a0eabe1070d7cb4bd48747ec1af/Hades_Cover_Website.png?w=285&h=393&q=50 → 200 (81ms, 180182B)
[2026-08-06T01:07:04.724Z] GET https://images.ctfassets.net/5owu3y35gz1g/5tIBNgFDGtSZ7ZDkpOyBDx/443a65a4d730c0151827a0fb0c02e59a/Pyre_Cover_Website.png?w=285&h=393&q=50 → 200 (79ms, 167149B)
[2026-08-06T01:07:04.724Z] GET https://images.ctfassets.net/5owu3y35gz1g/2gFjjsknJbd0kOK7vpovcV/6dee9d8af1a7b4031b88b372081d5af5/Transistor_Cover_Website.png?w=285&h=393&q=50 → pending (?ms, ?B)
[2026-08-06T01:07:04.724Z] GET https://images.ctfassets.net/5owu3y35gz1g/7uYYWdvguaeg8swPzuPIus/a55de76453b58225edebb39c8997ec2b/Bastion_Cover_Website.png?w=285&h=393&q=50 → pending (?ms, ?B)
[2026-08-06T01:07:04.724Z] GET https://images.ctfassets.net/5owu3y35gz1g/515iBuHUzspUUF0fVrrTsR/6c9180ac45abccfed0007e18639c4b80/logo_sg_final2.png?w=100&h=26&q=50&fit=fill → pending (?ms, ?B)
[2026-08-06T01:07:04.726Z] GET https://www.supergiantgames.com/page-data/blog/hades-ii-coming-to-xbox-playstation-april-14/page-data.json → pending (?ms, ?B)
[2026-08-06T01:07:04.726Z] GET https://www.supergiantgames.com/page-data/games/transistor/page-data.json → pending (?ms, ?B)
[2026-08-06T01:07:04.726Z] GET https://www.supergiantgames.com/page-data/team/page-data.json → pending (?ms, ?B)
[2026-08-06T01:07:04.726Z] GET https://www.supergiantgames.com/page-data/join/page-data.json → pending (?ms, ?B)
[2026-08-06T01:07:04.726Z] GET https://www.supergiantgames.com/page-data/games/hades-ii/page-data.json → pending (?ms, ?B)
[2026-08-06T01:07:04.726Z] GET https://www.supergiantgames.com/page-data/games/bastion/page-data.json → pending (?ms, ?B)
[2026-08-06T01:07:04.727Z] GET https://www.supergiantgames.com/page-data/games/pyre/page-data.json → pending (?ms, ?B)
[2026-08-06T01:07:04.727Z] GET https://www.supergiantgames.com/page-data/blog/hades-ii-now-on-xbox-and-playstation/page-data.json → pending (?ms, ?B)
[2026-08-06T01:07:04.727Z] GET https://www.supergiantgames.com/page-data/blog/page-data.json → pending (?ms, ?B)
[2026-08-06T01:07:04.727Z] GET https://www.supergiantgames.com/page-data/games/hades/page-data.json → pending (?ms, ?B)
[2026-08-06T01:07:04.727Z] GET https://www.supergiantgames.com/page-data/contact/page-data.json → pending (?ms, ?B)
[2026-08-06T01:07:04.727Z] GET https://www.supergiantgames.com/page-data/blog/watch-the-hades-orchestral-concert-live-from-london/page-data.json → pending (?ms, ?B)
[2026-08-06T01:07:05.038Z] GET https://www.supergiantgames.com/page-data/blog/hades-ii-coming-to-xbox-playstation-april-14/page-data.json → 200 (700ms, 9637B)
[2026-08-06T01:07:05.188Z] GET https://www.supergiantgames.com/page-data/blog/watch-the-hades-orchestral-concert-live-from-london/page-data.json → 200 (709ms, 11444B)
[2026-08-06T01:07:05.189Z] GET https://www.supergiantgames.com/page-data/games/bastion/page-data.json → 200 (709ms, 13203B)
[2026-08-06T01:07:05.271Z] GET https://www.supergiantgames.com/page-data/blog/hades-ii-now-on-xbox-and-playstation/page-data.json → pending (?ms, 9621B)
[2026-08-06T01:07:05.271Z] GET https://www.supergiantgames.com/page-data/contact/page-data.json → pending (?ms, 1038B)
[2026-08-06T01:07:05.503Z] GET https://www.supergiantgames.com/page-data/team/page-data.json → pending (?ms, 38669B)
[2026-08-06T01:07:05.663Z] GET https://www.supergiantgames.com/page-data/join/page-data.json → pending (?ms, 232B)
[2026-08-06T01:07:05.736Z] GET https://www.supergiantgames.com/page-data/games/transistor/page-data.json → pending (?ms, 13745B)
[2026-08-06T01:07:05.739Z] GET https://www.supergiantgames.com/component---src-templates-blog-post-js-cad96a3d7dfba0fa610c.js → pending (?ms, ?B)
[2026-08-06T01:07:05.897Z] GET https://www.supergiantgames.com/page-data/games/pyre/page-data.json → pending (?ms, 15668B)
[2026-08-06T01:07:05.900Z] GET https://www.supergiantgames.com/component---src-templates-game-page-js-02676d874e1f20442b39.js → pending (?ms, ?B)
[2026-08-06T01:07:05.973Z] GET https://www.supergiantgames.com/component---src-pages-contact-js-eec992db14f9079b3373.js → 200 (394ms, 1229B)
[2026-08-06T01:07:06.046Z] GET https://www.supergiantgames.com/page-data/games/hades-ii/page-data.json → 200 (264ms, 19877B)
[2026-08-06T01:07:06.211Z] GET https://www.supergiantgames.com/page-data/blog/page-data.json → 200 (100ms, 12214B)
[2026-08-06T01:07:06.211Z] GET https://www.supergiantgames.com/page-data/games/hades/page-data.json → 200 (99ms, 29573B)
[2026-08-06T01:07:06.216Z] GET https://www.supergiantgames.com/component---src-pages-join-js-238c31874b48050d69e5.js → 200 (542ms, 5649B)
[2026-08-06T01:07:06.217Z] GET https://www.supergiantgames.com/component---src-pages-team-js-d6e8cea6277d1093803c.js → 200 (535ms, 754B)
[2026-08-06T01:07:06.313Z] GET https://www.supergiantgames.com/component---src-templates-blog-list-js-2ee9717dfb22fb0f536a.js → 200 (87ms, 871B)
[2026-08-06T01:07:47.357Z] GET https://www.supergiantgames.com/pw_maze_black.png → 200 (548ms, 3554B)
[2026-08-06T01:07:48.150Z] GET https://www.devolverdigital.com/ → 200 (341ms, 90338B)
[2026-08-06T01:07:48.512Z] GET https://www.devolverdigital.com/_next/static/media/0a86735c6520d94f-s.p.woff2 → 200 (118ms, 35539B)
[2026-08-06T01:07:48.512Z] GET https://www.devolverdigital.com/_next/static/media/739c2d8941231bb4-s.p.woff2 → 200 (19ms, 32989B)
[2026-08-06T01:07:48.512Z] GET https://www.devolverdigital.com/_next/image?url=https%3A%2F%2Fcms.devolverdigital.com%2Fapi%2Fmedia%2Ffile%2FHeaveHo2_Screenshot_05.png%3Fprefix%3Dmedia&w=1920&q=60 → 200 (343ms, 45550B)
[2026-08-06T01:07:48.512Z] GET https://www.devolverdigital.com/_next/image?url=https%3A%2F%2Fcms.devolverdigital.com%2Fapi%2Fmedia%2Ffile%2FHeave%2520Ho%25202%2520Logo.png%3Fprefix%3Dmedia&w=1920&q=75 → pending (?ms, ?B)
[2026-08-06T01:07:48.512Z] GET https://www.devolverdigital.com/_next/static/css/a049caf69eda4375.css?dpl=dpl_4qrGVhMWgYo6g9BgPnF1LwqYLMZT → 200 (8ms, 16155B)
[2026-08-06T01:07:48.512Z] GET https://www.devolverdigital.com/_next/static/chunks/webpack-adbf37cc53e0c97f.js?dpl=dpl_4qrGVhMWgYo6g9BgPnF1LwqYLMZT → 200 (19ms, 2194B)
[2026-08-06T01:07:48.512Z] GET https://www.devolverdigital.com/_next/static/chunks/4f51ceb4-5ca432ea7df49978.js?dpl=dpl_4qrGVhMWgYo6g9BgPnF1LwqYLMZT → 200 (89ms, 55837B)
[2026-08-06T01:07:48.512Z] GET https://www.devolverdigital.com/_next/static/chunks/864-4b100ee5d39310dc.js?dpl=dpl_4qrGVhMWgYo6g9BgPnF1LwqYLMZT → 200 (90ms, 46114B)
[2026-08-06T01:07:48.512Z] GET https://www.devolverdigital.com/_next/static/chunks/main-app-9671110092377e27.js?dpl=dpl_4qrGVhMWgYo6g9BgPnF1LwqYLMZT → 200 (29ms, 732B)
[2026-08-06T01:07:48.512Z] GET https://www.devolverdigital.com/_next/static/chunks/634-40753383532eb45d.js?dpl=dpl_4qrGVhMWgYo6g9BgPnF1LwqYLMZT → 200 (245ms, 8767B)
[2026-08-06T01:07:48.512Z] GET https://www.devolverdigital.com/_next/static/chunks/586-6dffd1efa6174a73.js?dpl=dpl_4qrGVhMWgYo6g9BgPnF1LwqYLMZT → 200 (24ms, 3543B)
[2026-08-06T01:07:48.512Z] GET https://www.devolverdigital.com/_next/static/chunks/892-0fe3aaacf211cc41.js?dpl=dpl_4qrGVhMWgYo6g9BgPnF1LwqYLMZT → 200 (85ms, 39394B)
[2026-08-06T01:07:48.512Z] GET https://www.devolverdigital.com/_next/static/chunks/843-1fb4020cfd910d6a.js?dpl=dpl_4qrGVhMWgYo6g9BgPnF1LwqYLMZT → 200 (87ms, 10060B)
[2026-08-06T01:07:48.512Z] GET https://www.devolverdigital.com/_next/static/chunks/108-83a8adb1d053bade.js?dpl=dpl_4qrGVhMWgYo6g9BgPnF1LwqYLMZT → 200 (89ms, 9628B)
[2026-08-06T01:07:48.512Z] GET https://www.devolverdigital.com/_next/static/chunks/app/layout-8ffa705dfb19e3d1.js?dpl=dpl_4qrGVhMWgYo6g9BgPnF1LwqYLMZT → 200 (232ms, 21132B)
[2026-08-06T01:07:48.512Z] GET https://www.devolverdigital.com/_next/static/chunks/695-b29bf21798f056cc.js?dpl=dpl_4qrGVhMWgYo6g9BgPnF1LwqYLMZT → 200 (230ms, 5573B)
[2026-08-06T01:07:48.512Z] GET https://www.devolverdigital.com/_next/static/chunks/app/error-46e6564f7336308a.js?dpl=dpl_4qrGVhMWgYo6g9BgPnF1LwqYLMZT → 200 (228ms, 3117B)
[2026-08-06T01:07:48.512Z] GET https://www.devolverdigital.com/_next/static/chunks/app/not-found-84d2d316ecf0ea97.js?dpl=dpl_4qrGVhMWgYo6g9BgPnF1LwqYLMZT → 200 (231ms, 1594B)
[2026-08-06T01:07:48.512Z] GET https://www.devolverdigital.com/_next/static/chunks/628-456e8e1ecdfb6739.js?dpl=dpl_4qrGVhMWgYo6g9BgPnF1LwqYLMZT → 200 (344ms, 3124B)
[2026-08-06T01:07:48.512Z] GET https://www.devolverdigital.com/_next/static/chunks/666-bc67a929ddc5453b.js?dpl=dpl_4qrGVhMWgYo6g9BgPnF1LwqYLMZT → 200 (229ms, 4108B)
[2026-08-06T01:07:48.512Z] GET https://www.devolverdigital.com/_next/static/chunks/329-86494e2d9d3cdaee.js?dpl=dpl_4qrGVhMWgYo6g9BgPnF1LwqYLMZT → 200 (237ms, 3379B)
[2026-08-06T01:07:48.512Z] GET https://www.devolverdigital.com/_next/static/chunks/763-daf2f8a2b5b53e6f.js?dpl=dpl_4qrGVhMWgYo6g9BgPnF1LwqYLMZT → 200 (238ms, 2799B)
[2026-08-06T01:07:48.512Z] GET https://www.devolverdigital.com/_next/static/chunks/app/page-9851b621c46b96e1.js?dpl=dpl_4qrGVhMWgYo6g9BgPnF1LwqYLMZT → 200 (266ms, 2126B)
[2026-08-06T01:07:48.512Z] GET https://cmp.osano.com/169lamSiR0Q8x1aw3/00603068-d60e-4a3f-9004-1333b6b56e4f/osano.js → 200 (426ms, 74591B)
[2026-08-06T01:07:48.659Z] GET https://www.devolverdigital.com/_next/image?url=https%3A%2F%2Fcms.devolverdigital.com%2Fapi%2Fmedia%2Ffile%2FHeave%2520Ho%25202%2520Key%2520Art-1.png%3Fprefix%3Dmedia&w=96&q=60 → 200 (29ms, 2316B)
[2026-08-06T01:07:48.659Z] GET https://www.devolverdigital.com/_next/image?url=https%3A%2F%2Fcms.devolverdigital.com%2Fapi%2Fmedia%2Ffile%2FDarkScrolls_KeyArt_Horizontal.jpg%3Fprefix%3Dmedia&w=96&q=60 → 200 (80ms, 2200B)
[2026-08-06T01:07:48.660Z] GET https://www.devolverdigital.com/_next/image?url=https%3A%2F%2Fcms.devolverdigital.com%2Fapi%2Fmedia%2Ffile%2FStarseeker%2520Key%2520Art.jpg%3Fprefix%3Dmedia&w=96&q=60 → 200 (78ms, 2026B)
[2026-08-06T01:07:48.660Z] GET https://www.devolverdigital.com/_next/image?url=https%3A%2F%2Fcms.devolverdigital.com%2Fapi%2Fmedia%2Ffile%2FPikuniku2_KeyArt.png%3Fprefix%3Dmedia&w=96&q=60 → 200 (51ms, 2235B)
[2026-08-06T01:07:48.660Z] GET https://www.devolverdigital.com/_next/image?url=https%3A%2F%2Fcms.devolverdigital.com%2Fapi%2Fmedia%2Ffile%2FVirtue_KeyArt_Logo-2.jpg%3Fprefix%3Dmedia&w=96&q=60 → 200 (51ms, 1824B)
[2026-08-06T01:07:48.660Z] GET https://www.devolverdigital.com/_next/image?url=https%3A%2F%2Fcms.devolverdigital.com%2Fapi%2Fmedia%2Ffile%2Fmig-6824bb419b619f12c7e655ad-Shroom_and_Gloom_Key_Art-1.png%3Fprefix%3Dmedia&w=96&q=60 → 200 (51ms, 2111B)
[2026-08-06T01:07:48.660Z] GET https://www.devolverdigital.com/_next/image?url=https%3A%2F%2Fcms.devolverdigital.com%2Fapi%2Fmedia%2Ffile%2FHeave%2520Ho%25202%2520Key%2520Art-1.png%3Fprefix%3Dmedia&w=384&q=75 → 200 (261ms, 17816B)
[2026-08-06T01:07:48.660Z] GET https://www.devolverdigital.com/_next/image?url=https%3A%2F%2Fcms.devolverdigital.com%2Fapi%2Fmedia%2Ffile%2F1760397344344-windows.svg%3Fprefix%3Dmedia&w=32&q=75 → 200 (51ms, 437B)
[2026-08-06T01:07:48.660Z] GET https://www.devolverdigital.com/_next/image?url=https%3A%2F%2Fcms.devolverdigital.com%2Fapi%2Fmedia%2Ffile%2Fnintendo-switch-2.svg%3Fprefix%3Dmedia&w=32&q=75 → 200 (278ms, 1961B)
[2026-08-06T01:07:48.660Z] GET https://www.devolverdigital.com/_next/image?url=https%3A%2F%2Fcms.devolverdigital.com%2Fapi%2Fmedia%2Ffile%2Fswitch.svg%3Fprefix%3Dmedia&w=32&q=75 → 200 (52ms, 1015B)
[2026-08-06T01:07:48.660Z] GET https://www.devolverdigital.com/_next/image?url=https%3A%2F%2Fcms.devolverdigital.com%2Fapi%2Fmedia%2Ffile%2FDarkScrolls_KeyArt_Horizontal.jpg%3Fprefix%3Dmedia&w=384&q=75 → pending (?ms, ?B)
[2026-08-06T01:07:48.660Z] GET https://www.devolverdigital.com/_next/image?url=https%3A%2F%2Fcms.devolverdigital.com%2Fapi%2Fmedia%2Ffile%2FStarseeker%2520Key%2520Art.jpg%3Fprefix%3Dmedia&w=384&q=75 → pending (?ms, ?B)
[2026-08-06T01:07:48.660Z] GET https://www.devolverdigital.com/_next/image?url=https%3A%2F%2Fcms.devolverdigital.com%2Fapi%2Fmedia%2Ffile%2F1760397336190-playstation.svg%3Fprefix%3Dmedia&w=32&q=75 → 200 (267ms, 1411B)
[2026-08-06T01:07:48.660Z] GET https://www.devolverdigital.com/_next/image?url=https%3A%2F%2Fcms.devolverdigital.com%2Fapi%2Fmedia%2Ffile%2F1760399782871-xbox-logo.svg%3Fprefix%3Dmedia&w=32&q=75 → 200 (321ms, 748B)
[2026-08-06T01:07:48.660Z] GET https://www.devolverdigital.com/_next/image?url=https%3A%2F%2Fcms.devolverdigital.com%2Fapi%2Fmedia%2Ffile%2FMinos_Landscape.jpg%3Fprefix%3Dmedia&w=384&q=75 → 200 (310ms, 8919B)
[2026-08-06T01:07:48.660Z] GET https://www.devolverdigital.com/_next/image?url=https%3A%2F%2Fcms.devolverdigital.com%2Fapi%2Fmedia%2Ffile%2FShatterverse_KeyArt.png%3Fprefix%3Dmedia&w=384&q=75 → pending (?ms, ?B)
[2026-08-06T01:07:48.660Z] GET https://www.devolverdigital.com/_next/image?url=https%3A%2F%2Fcms.devolverdigital.com%2Fapi%2Fmedia%2Ffile%2FVirtue_KeyArt_Logo-2.jpg%3Fprefix%3Dmedia&w=384&q=75 → 200 (262ms, 16489B)
[2026-08-06T01:07:48.660Z] GET https://www.devolverdigital.com/_next/image?url=https%3A%2F%2Fcms.devolverdigital.com%2Fapi%2Fmedia%2Ffile%2Fmig-68d192ff23aa08e2d2badded-TheDungeonExperience_KeyArt.png%3Fprefix%3Dmedia&w=384&q=75 → 200 (310ms, 13062B)
[2026-08-06T01:07:48.660Z] GET https://www.devolverdigital.com/_next/image?url=https%3A%2F%2Fcms.devolverdigital.com%2Fapi%2Fmedia%2Ffile%2Fmig-6663fff396ad33a6c6c07d8b-Tenjutsu_Reveal_KeyArt.png%3Fprefix%3Dmedia&w=384&q=75 → 200 (269ms, 16313B)
[2026-08-06T01:07:48.660Z] GET https://www.devolverdigital.com/_next/image?url=https%3A%2F%2Fcms.devolverdigital.com%2Fapi%2Fmedia%2Ffile%2Fmig-67ddab6a7d8df9e95e5d63ec-Look_Outside_Key_Art_-_Pixels_-_With_Logo.png%3Fprefix%3Dmedia&w=384&q=75 → pending (?ms, ?B)
[2026-08-06T01:07:48.660Z] GET https://www.devolverdigital.com/_next/image?url=https%3A%2F%2Fcms.devolverdigital.com%2Fapi%2Fmedia%2Ffile%2Fmig-67b8c102393ffa7364e2e68d-ShotgunCopMan_1920x1080-1.png%3Fprefix%3Dmedia&w=384&q=75 → 200 (253ms, 9309B)
[2026-08-06T01:07:48.660Z] GET https://www.devolverdigital.com/_next/image?url=https%3A%2F%2Fcms.devolverdigital.com%2Fapi%2Fmedia%2Ffile%2FForestrike_NewKeyArt_Logo%25201.png%3Fprefix%3Dmedia&w=384&q=75 → pending (?ms, ?B)
[2026-08-06T01:07:48.660Z] GET https://www.devolverdigital.com/_next/image?url=https%3A%2F%2Fcms.devolverdigital.com%2Fapi%2Fmedia%2Ffile%2Fmig-6824bb419b619f12c7e655ad-Shroom_and_Gloom_Key_Art-1.png%3Fprefix%3Dmedia&w=384&q=75 → pending (?ms, ?B)
[2026-08-06T01:07:48.660Z] GET https://www.devolverdigital.com/_next/image?url=https%3A%2F%2Fcms.devolverdigital.com%2Fapi%2Fmedia%2Ffile%2FQUARANTINE_ZONE_KEY_ART_test.png%3Fprefix%3Dmedia&w=384&q=75 → 200 (263ms, 17774B)
[2026-08-06T01:07:48.660Z] GET https://www.devolverdigital.com/_next/image?url=https%3A%2F%2Fcms.devolverdigital.com%2Fapi%2Fmedia%2Ffile%2Fball-x-pit-keyart-final.jpg%3Fprefix%3Dmedia&w=384&q=75 → 200 (326ms, 22910B)
[2026-08-06T01:07:48.872Z] GET https://www.devolverdigital.com/_vercel/insights/script.js → 200 (26ms, 1539B)
[2026-08-06T01:07:48.872Z] GET https://cms.devolverdigital.com/api/media/file/HeaveHo2_Screenshot_05.png?prefix=media → pending (?ms, ?B)
[2026-08-06T01:07:48.872Z] GET https://cms.devolverdigital.com/api/media/file/Heave%20Ho%202%20Logo.png?prefix=media → pending (?ms, ?B)
[2026-08-06T01:07:48.873Z] GET https://cms.devolverdigital.com/api/media/file/DarkScrolls_KeyArt_Horizontal_NoLogo.jpg?prefix=media → pending (?ms, ?B)
[2026-08-06T01:07:48.873Z] GET https://cms.devolverdigital.com/api/media/file/DarkScrolls_Logo.png?prefix=media → pending (?ms, ?B)
[2026-08-06T01:07:48.873Z] GET https://cms.devolverdigital.com/api/media/file/mig-67ed379161dbed909540b4e4-STARSEEKER_-_Screen_4.png?prefix=media → pending (?ms, ?B)
[2026-08-06T01:07:48.873Z] GET https://cms.devolverdigital.com/api/media/file/Starseeker%20Logo.png?prefix=media → pending (?ms, ?B)
[2026-08-06T01:07:48.873Z] GET https://cms.devolverdigital.com/api/media/file/Pikuniku2_KeyArt_NoLogo.jpg?prefix=media → pending (?ms, ?B)
[2026-08-06T01:07:48.873Z] GET https://cms.devolverdigital.com/api/media/file/Pikuniku2_Logo_Outline.png?prefix=media → pending (?ms, ?B)
[2026-08-06T01:07:48.873Z] GET https://cms.devolverdigital.com/api/media/file/Virtue_KeyArt_NoLogo.jpg?prefix=media → pending (?ms, ?B)
[2026-08-06T01:07:48.873Z] GET https://cms.devolverdigital.com/api/media/file/Virtue_LOGO_White.png?prefix=media → pending (?ms, ?B)
[2026-08-06T01:07:48.873Z] GET https://cms.devolverdigital.com/api/media/file/Shroom%20and%20Gloom%20Key%20Art%20(1).jpg?prefix=media → pending (?ms, ?B)
[2026-08-06T01:07:48.873Z] GET https://cms.devolverdigital.com/api/media/file/Shroom%20and%20Gloom%20Logo%201.png?prefix=media → pending (?ms, ?B)
[2026-08-06T01:07:48.895Z] GET https://www.devolverdigital.com/jobs?_rsc=3lb4g → pending (?ms, ?B)
[2026-08-06T01:07:48.895Z] GET https://www.devolverdigital.com/about?_rsc=3lb4g → 200 (16ms, 15539B)
[2026-08-06T01:07:48.895Z] GET https://www.devolverdigital.com/subscribe?_rsc=3lb4g → pending (?ms, ?B)
[2026-08-06T01:07:48.895Z] GET https://www.devolverdigital.com/games/heave-ho-2?_rsc=3lb4g → pending (?ms, ?B)
[2026-08-06T01:07:48.895Z] GET https://www.devolverdigital.com/games/dark-scrolls?_rsc=3lb4g → pending (?ms, ?B)
[2026-08-06T01:07:48.900Z] GET https://www.devolverdigital.com/_vercel/speed-insights/script.js → 200 (22ms, 4857B)
[2026-08-06T01:07:48.913Z] GET https://www.devolverdigital.com/_next/static/chunks/app/about/page-4747bd15eed0f89e.js?dpl=dpl_4qrGVhMWgYo6g9BgPnF1LwqYLMZT → 200 (26ms, 1232B)
[2026-08-06T01:07:48.955Z] GET blob:https://www.devolverdigital.com/ec8c72ab-ec84-4560-90fd-83cae7e95cd1 → 200 (25ms, -72B)
[2026-08-06T01:07:48.965Z] GET https://cmp.osano.com/ → 200 (13ms, 1381B)
[2026-08-06T01:07:49.024Z] GET https://cic3kfejoqqnv55h.public.blob.vercel-storage.com/DD_Cookies_1_64x64.png → 200 (42ms, 6373B)
[2026-08-06T01:07:55.375Z] GET blob:https://www.devolverdigital.com/1e5a03e5-6186-4cb4-bbda-ae4cb109935f → 200 (5ms, -72B)
[2026-08-06T01:07:55.379Z] GET https://www.devolverdigital.com/_next/image?url=https%3A%2F%2Fcms.devolverdigital.com%2Fapi%2Fmedia%2Ffile%2FDarkScrolls_Logo.png%3Fprefix%3Dmedia&w=3840&q=75 → 200 (24ms, 148202B)
[2026-08-06T01:07:55.799Z] GET https://www.devolverdigital.com/_next/image?url=https%3A%2F%2Fcms.devolverdigital.com%2Fapi%2Fmedia%2Ffile%2FDarkScrolls_KeyArt_Horizontal_NoLogo.jpg%3Fprefix%3Dmedia&w=1920&q=60 → pending (?ms, ?B)
[2026-08-06T01:08:00.409Z] GET https://www.innersloth.com/ → pending (?ms, ?B)
[2026-08-06T01:08:01.165Z] GET https://www.innersloth.com/wp-content/cache/autoptimize/css/autoptimize_1e00d84be8bc998214b059570cdad733.css → 200 (125ms, 65645B)
[2026-08-06T01:08:01.165Z] GET https://www.googletagmanager.com/gtag/js?id=G-L921XHE68X → 200 (232ms, 153768B)
[2026-08-06T01:08:01.165Z] GET https://cdn.jsdelivr.net/gh/fancyapps/fancybox@3.5.7/dist/jquery.fancybox.min.css → 200 (29ms, 3781B)
[2026-08-06T01:08:01.166Z] GET https://use.fontawesome.com/releases/v5.15.4/css/all.css?ver=5.9.1 → 200 (410ms, 14162B)
[2026-08-06T01:08:01.166Z] GET https://www.innersloth.com/wp-content/plugins/google-analytics-for-wordpress/assets/js/frontend-gtag.min.js?ver=8.27.0 → 200 (235ms, 3132B)
[2026-08-06T01:08:01.166Z] GET https://www.innersloth.com/wp-includes/js/jquery/jquery.min.js?ver=3.6.0 → 200 (245ms, 30415B)
[2026-08-06T01:08:01.166Z] GET https://www.innersloth.com/wp-includes/js/jquery/jquery-migrate.min.js?ver=3.3.2 → 200 (124ms, 4123B)
[2026-08-06T01:08:01.166Z] GET https://www.innersloth.com/wp-content/uploads/2021/07/SURPRISESLOTH.png → 200 (114ms, 15714B)
[2026-08-06T01:08:01.166Z] GET https://www.innersloth.com/wp-content/uploads/2021/07/SURPRISEITSASLOTH2.png → 200 (145ms, 10411B)
[2026-08-06T01:08:01.166Z] GET https://www.innersloth.com/wp-content/uploads/2021/06/img01@2x.png → 200 (245ms, 16394B)
[2026-08-06T01:08:01.166Z] GET https://www.innersloth.com/wp-content/uploads/2026/04/Asset-30.png → 200 (375ms, 156977B)
[2026-08-06T01:08:01.166Z] GET https://www.innersloth.com/wp-content/uploads/2025/02/AU3D_Key_Logo.png → 200 (406ms, 44699B)
[2026-08-06T01:08:01.166Z] GET https://www.innersloth.com/wp-content/uploads/2021/06/img04@2x.png → 200 (541ms, 10150B)
[2026-08-06T01:08:01.166Z] GET https://www.innersloth.com/wp-content/uploads/2021/06/img09@2x.png → 200 (543ms, ?B)
[2026-08-06T01:08:01.166Z] GET https://www.innersloth.com/wp-content/uploads/2026/07/roadmap2026pt2.png → 200 (573ms, ?B)
[2026-08-06T01:08:01.167Z] GET https://www.innersloth.com/wp-content/uploads/2021/06/ico-arrow-right.svg → 200 (552ms, 491B)
[2026-08-06T01:08:01.167Z] GET https://www.innersloth.com/wp-content/cache/autoptimize/css/autoptimize_single_ad6ac9008bd257183773cf3a3206ad6d.css?ver=1640028652 → 200 (539ms, 2204B)
[2026-08-06T01:08:01.167Z] GET https://www.innersloth.com/wp-content/plugins/ultimate-branding/inc/modules/front-end/assets/js/cookie-notice-front.js?ver=3.4.7 → 200 (637ms, 1031B)
[2026-08-06T01:08:01.167Z] GET https://www.innersloth.com/wp-includes/js/comment-reply.min.js?ver=5.9.1 → 200 (539ms, 1322B)
[2026-08-06T01:08:01.167Z] GET https://www.innersloth.com/wp-content/themes/innersloth/markup/assets/js/jquery.main.js?ver=1645216102 → pending (?ms, ?B)
[2026-08-06T01:08:01.167Z] GET https://www.innersloth.com/wp-content/themes/innersloth/markup/assets/js/general.js?ver=1645216102 → pending (?ms, ?B)
[2026-08-06T01:08:01.167Z] GET https://www.innersloth.com/wp-content/plugins/forminator/assets/js/library/jquery.validate.min.js?ver=1.15.11 → pending (?ms, ?B)
[2026-08-06T01:08:01.167Z] GET https://www.innersloth.com/wp-content/plugins/forminator/assets/forminator-ui/js/forminator-form.min.js?ver=1.15.11 → pending (?ms, ?B)
[2026-08-06T01:08:01.167Z] GET https://www.innersloth.com/wp-content/plugins/forminator/build/front/front.multi.min.js?ver=1.15.11 → pending (?ms, ?B)
[2026-08-06T01:08:01.430Z] POST https://www.google-analytics.com/g/collect?v=2&tid=G-L921XHE68X&gtm=45je6841v9187269883za200zd9187269883&_p=1785978481401&gcd=13l3l3l3l1l1&npa=0&dma=0&gdid=dZGIzZG&are=1&cid=1655777974.1785978481&frm=0&ngs=1&pscdl=noapi&rcb=8&sr=1280x720&uaa=x86&uab=64&uafvl=Not%253AA-Brand%3B99.0.0.0%7CHeadlessChrome%3B145.0.7632.6%7CChromium%3B145.0.7632.6&uam=&uamb=0&uap=Linux&uapv=&uaw=0&ul=en-us&_s=1&tag_exp=115938465~115938469~118897920~118897930~119527019~119896803&sid=1785978481&sct=1&seg=0&dl=https%3A%2F%2Fwww.innersloth.com%2F&dt=Home%20%7C%20Innersloth%20-%20Creators%20of%20Among%20Us%20and%20The%20Henry%20Stickmin%20Collection!&en=page_view&_fv=1&_nsi=1&_ss=1&_ee=1&ep.forceSSL=true&ep.link_attribution=true&tfd=1020 → 204 (195ms, ?B)
[2026-08-06T01:08:01.624Z] GET https://www.innersloth.com/wp-content/themes/innersloth/markup/assets/img/ico/ico-wave-dark02.svg → 200 (116ms, ?B)
[2026-08-06T01:08:01.624Z] GET https://www.innersloth.com/wp-content/themes/innersloth/markup/assets/img/ico/ico-questions.svg → 200 (116ms, ?B)
[2026-08-06T01:08:01.624Z] GET https://www.innersloth.com/wp-content/themes/innersloth/markup/assets/fonts/PTSans-Bold.woff → 200 (225ms, 158270B)
[2026-08-06T01:08:01.624Z] GET https://use.fontawesome.com/releases/v5.15.4/webfonts/fa-brands-400.woff2 → 200 (197ms, 77172B)
[2026-08-06T01:08:01.624Z] GET https://www.innersloth.com/wp-content/themes/innersloth/markup/assets/fonts/SofiaProSemiBold.woff → 200 (255ms, 42678B)
[2026-08-06T01:08:01.624Z] GET https://www.innersloth.com/wp-content/themes/innersloth/markup/assets/fonts/PTSans-Regular.woff → pending (?ms, ?B)
[2026-08-06T01:08:01.624Z] GET https://www.innersloth.com/wp-content/themes/innersloth/markup/assets/fonts/SofiaProRegular.woff → 200 (294ms, 41435B)
[2026-08-06T01:08:01.624Z] GET https://www.innersloth.com/wp-content/uploads/2021/08/img08@2x-247x67.png → pending (?ms, ?B)
[2026-08-06T01:08:01.624Z] GET https://www.innersloth.com/wp-content/uploads/2026/04/Asset-30-247x74.png → pending (?ms, ?B)
[2026-08-06T01:08:01.624Z] GET https://www.innersloth.com/wp-content/uploads/2025/02/AU3D_Key_Logo-247x44.png → pending (?ms, ?B)
[2026-08-06T01:08:01.624Z] GET https://www.innersloth.com/wp-content/uploads/2021/06/img07@2x-148x133.png → pending (?ms, ?B)
[2026-08-06T01:08:01.624Z] GET https://www.innersloth.com/wp-content/uploads/2026/07/roadmap2026pt2-353x212.png → 200 (223ms, ?B)
[2026-08-06T01:08:01.624Z] GET https://www.innersloth.com/wp-content/uploads/2023/10/indie_promo_169-353x212.png → 200 (223ms, ?B)
[2026-08-06T01:08:01.624Z] GET https://www.innersloth.com/wp-content/uploads/2023/12/out_on_holiday_FINAL_2023-353x212.png → 200 (223ms, ?B)
[2026-08-06T01:08:01.624Z] GET https://www.innersloth.com/wp-content/uploads/2021/08/amongus_insideinnersloth-e1629741581912.png → 200 (223ms, ?B)
[2026-08-06T01:08:01.624Z] GET https://www.innersloth.com/wp-content/uploads/2021/08/banner_merch.png → 200 (223ms, ?B)
[2026-08-06T01:08:01.625Z] GET https://stats.wpmucdn.com/analytics.js → 301 (100ms, ?B)
[2026-08-06T01:08:01.726Z] GET https://wpmudev.com/analytics.js → pending (?ms, ?B)
[2026-08-06T01:08:02.062Z] GET https://www.innersloth.com/wp-content/themes/innersloth/markup/assets/img/ico/ico-arrow-down.svg → 200 (166ms, 539B)
[2026-08-06T01:08:02.073Z] GET https://www.innersloth.com/wp-content/themes/innersloth/markup/assets/img/ico/ico-arrow-right-big.svg → 200 (155ms, 512B)
[2026-08-06T01:08:04.131Z] GET https://www.innersloth.com/wp-content/themes/innersloth/markup/assets/img/ico/ico-wave-dark03.svg → 200 (310ms, 479B)
[2026-08-06T01:08:04.551Z] GET https://www.devsisters.com/ko/ → 308 (119ms, ?B)
[2026-08-06T01:08:04.670Z] GET https://www.devsisters.com/ko → 200 (29ms, 46989B)
[2026-08-06T01:08:04.710Z] GET https://www.devsisters.com/svg/close.svg → 200 (25ms, 820B)
[2026-08-06T01:08:04.710Z] GET https://www.devsisters.com/svg/arrow_down.svg → 200 (25ms, 727B)
[2026-08-06T01:08:04.710Z] GET https://www.devsisters.com/image/home/arrow.svg → 200 (190ms, 626B)
[2026-08-06T01:08:04.710Z] GET https://www.devsisters.com/_next/image?url=https%3A%2F%2Fdevsisters-branding-devhome-prod-files.s3.ap-northeast-1.amazonaws.com%2Fdata%2Fnews%2F774%2F6a45c7f09b201.jpg&w=384&q=75 → 200 (35ms, 25048B)
[2026-08-06T01:08:04.710Z] GET https://www.devsisters.com/_next/image?url=https%3A%2F%2Fdevsisters-branding-devhome-prod-files.s3.ap-northeast-1.amazonaws.com%2Fdata%2Fnews%2F773%2F6a41d46d5799d.png&w=384&q=75 → 200 (84ms, 22465B)
[2026-08-06T01:08:04.710Z] GET https://www.devsisters.com/_next/image?url=https%3A%2F%2Fdevsisters-branding-devhome-prod-files.s3.ap-northeast-1.amazonaws.com%2Fdata%2Fnews%2F772%2F6a41bd9d0dcd3.jpg&w=384&q=75 → 200 (61ms, 25558B)
[2026-08-06T01:08:04.710Z] GET https://www.devsisters.com/_next/image?url=https%3A%2F%2Fdevsisters-branding-devhome-prod-files.s3.ap-northeast-1.amazonaws.com%2Fdata%2Fnews%2F771%2F6a3cd4d557ed2.jpg&w=384&q=75 → 200 (33ms, 19232B)
[2026-08-06T01:08:04.710Z] GET https://www.devsisters.com/_next/image?url=https%3A%2F%2Fdevsisters-branding-devhome-prod-files.s3.ap-northeast-1.amazonaws.com%2Fdata%2Fnews%2F782%2F6a6bfd2bb6641.jpg&w=384&q=75 → 200 (58ms, 20991B)
[2026-08-06T01:08:04.710Z] GET https://www.devsisters.com/_next/image?url=https%3A%2F%2Fdevsisters-branding-devhome-prod-files.s3.ap-northeast-1.amazonaws.com%2Fdata%2Fnews%2F781%2F6a6aa26de45f5.jpg&w=384&q=75 → 200 (44ms, 39755B)
[2026-08-06T01:08:04.710Z] GET https://www.devsisters.com/_next/image?url=https%3A%2F%2Fdevsisters-branding-devhome-prod-files.s3.ap-northeast-1.amazonaws.com%2Fdata%2Fnews%2F780%2F6a69528d3363c.jpg&w=384&q=75 → 200 (186ms, 30738B)
[2026-08-06T01:08:04.710Z] GET https://www.devsisters.com/_next/image?url=https%3A%2F%2Fdevsisters-branding-devhome-prod-files.s3.ap-northeast-1.amazonaws.com%2Fdata%2Fnews%2F779%2F6a62cf3198423.png&w=384&q=75 → 200 (71ms, 24587B)
[2026-08-06T01:08:04.710Z] GET https://www.devsisters.com/_next/image?url=https%3A%2F%2Fdevsisters-branding-devhome-prod-files.s3.ap-northeast-1.amazonaws.com%2Fdata%2Fnews%2F778%2F6a5eb796089ac.jpg&w=384&q=75 → 200 (189ms, 31786B)
[2026-08-06T01:08:04.710Z] GET https://www.devsisters.com/_next/image?url=https%3A%2F%2Fdevsisters-branding-devhome-prod-files.s3.ap-northeast-1.amazonaws.com%2Fdata%2Fnews%2F777%2F6a5d64abac11d.png&w=384&q=75 → 200 (47ms, 10083B)
[2026-08-06T01:08:04.711Z] GET https://www.devsisters.com/_next/image?url=https%3A%2F%2Fdevsisters-branding-devhome-prod-files.s3.ap-northeast-1.amazonaws.com%2Fdata%2Fnews%2F776%2F6a54380162151.png&w=384&q=75 → 200 (78ms, 49485B)
[2026-08-06T01:08:04.711Z] GET https://www.devsisters.com/_next/image?url=https%3A%2F%2Fdevsisters-branding-devhome-prod-files.s3.ap-northeast-1.amazonaws.com%2Fdata%2Fnews%2F775%2F6a4da259f35ea.jpg&w=384&q=75 → 200 (59ms, 23628B)
[2026-08-06T01:08:04.711Z] GET https://www.devsisters.com/_next/image?url=%2Fimage%2Fhome%2Fourgames-crumble-bg.webp&w=1200&q=75 → 200 (57ms, 108954B)
[2026-08-06T01:08:04.711Z] GET https://www.devsisters.com/_next/image?url=%2Fimage%2Fhome%2Fourgames-crumble.ko.webp&w=384&q=75 → 200 (185ms, 9403B)
[2026-08-06T01:08:04.711Z] GET https://www.devsisters.com/_next/image?url=%2Fimage%2Fhome%2Fourgames-ovenbreak-bg.webp&w=1200&q=75 → 200 (53ms, 48790B)
[2026-08-06T01:08:04.711Z] GET https://www.devsisters.com/_next/image?url=%2Fimage%2Fhome%2Fourgames-ovenbreak-logo.webp&w=384&q=75 → 200 (44ms, 10299B)
[2026-08-06T01:08:04.711Z] GET https://www.devsisters.com/_next/image?url=%2Fimage%2Fhome%2Fourgames-kingdom-bg.webp&w=1200&q=75 → 200 (185ms, 69537B)
[2026-08-06T01:08:04.711Z] GET https://www.devsisters.com/_next/image?url=%2Fimage%2Fhome%2Fourgames-kingdom-logo.webp&w=384&q=75 → 200 (53ms, 10929B)
[2026-08-06T01:08:04.711Z] GET https://www.devsisters.com/_next/image?url=%2Fimage%2Fhome%2Fourgames-toa-bg.webp&w=1200&q=75 → 200 (65ms, 46851B)
[2026-08-06T01:08:04.711Z] GET https://www.devsisters.com/_next/image?url=%2Fimage%2Fhome%2Fourgames-toa-logo.webp&w=384&q=75 → 200 (187ms, 10045B)
[2026-08-06T01:08:04.711Z] GET https://www.devsisters.com/_next/image?url=%2Fimage%2Fhome%2Fourgames-witchscastle-bg.webp&w=1200&q=75 → 200 (61ms, 64117B)
[2026-08-06T01:08:04.711Z] GET https://www.devsisters.com/_next/image?url=%2Fimage%2Fhome%2Fourgames-witchscastle-logo.webp&w=384&q=75 → 200 (185ms, 16735B)
[2026-08-06T01:08:04.712Z] GET https://www.devsisters.com/_next/image?url=%2Fimage%2Fhome%2Fourgames-cookierun-bg.webp&w=1200&q=75 → 200 (189ms, 76577B)
[2026-08-06T01:08:04.712Z] GET https://www.devsisters.com/_next/image?url=%2Fimage%2Fhome%2Fourgames-cookierun-ko-logo.webp&w=256&q=75 → 200 (187ms, 6732B)
[2026-08-06T01:08:04.712Z] GET https://www.devsisters.com/_next/image?url=%2Fimage%2Fhome%2Fourgames-ovensmash-bg.webp&w=1200&q=75 → 200 (188ms, 94638B)
[2026-08-06T01:08:04.712Z] GET https://www.devsisters.com/_next/image?url=%2Fimage%2Fhome%2Fourgames-ovensmash-logo.webp&w=384&q=75 → 200 (187ms, 9393B)
[2026-08-06T01:08:04.712Z] GET https://www.devsisters.com/svg/icon-apple.svg → 200 (184ms, 815B)
[2026-08-06T01:08:04.712Z] GET https://www.devsisters.com/svg/icon-googleplay.svg → 200 (177ms, 749B)
[2026-08-06T01:08:04.712Z] GET https://www.devsisters.com/_next/image?url=%2Fimage%2Fhome%2Fourgames-braverse-bg.webp&w=1200&q=75 → 200 (34ms, 79657B)
[2026-08-06T01:08:04.712Z] GET https://www.devsisters.com/_next/image?url=%2Fimage%2Fhome%2Fourgames-braverse-logo.webp&w=384&q=75 → 200 (185ms, 10274B)
[2026-08-06T01:08:04.712Z] GET https://www.devsisters.com/_next/image?url=https%3A%2F%2Fdevsisters-branding-devhome-prod-files.s3.ap-northeast-1.amazonaws.com%2Fdata%2Fstory%2F11%2F64001b6f29c1f.jpeg&w=1920&q=75 → 200 (186ms, 29062B)
[2026-08-06T01:08:04.712Z] GET https://www.devsisters.com/_next/image?url=https%3A%2F%2Fdevsisters-branding-devhome-prod-files.s3.ap-northeast-1.amazonaws.com%2Fdata%2Fstory%2F30%2F6406f7137b463.jpg&w=1920&q=75 → 200 (74ms, 243750B)
[2026-08-06T01:08:04.712Z] GET https://www.devsisters.com/_next/image?url=https%3A%2F%2Fdevsisters-branding-devhome-prod-files.s3.ap-northeast-1.amazonaws.com%2Fdata%2Fstory%2F38%2F6539d840a899a.png&w=1920&q=75 → 200 (185ms, 145269B)
[2026-08-06T01:08:04.712Z] GET https://www.devsisters.com/_next/image?url=https%3A%2F%2Fdevsisters-branding-devhome-prod-files.s3.ap-northeast-1.amazonaws.com%2Fdata%2Fstory%2F43%2F6a27bf0e495c6.jpg&w=1920&q=75 → 200 (62ms, 82010B)
[2026-08-06T01:08:04.712Z] GET https://www.devsisters.com/_next/image?url=%2Fimage%2Fhome%2Fhiring-char.webp&w=384&q=75 → 200 (187ms, 17233B)
[2026-08-06T01:08:04.712Z] GET https://www.devsisters.com/svg/arrow_drop.svg → 200 (185ms, 952B)
[2026-08-06T01:08:04.712Z] GET https://www.devsisters.com/svg/sns-youtube.svg → 200 (186ms, 936B)
[2026-08-06T01:08:04.712Z] GET https://www.devsisters.com/svg/sns-x.svg → 200 (77ms, 434B)
[2026-08-06T01:08:04.712Z] GET https://www.devsisters.com/svg/sns-linkedin.svg → 200 (180ms, 1042B)
[2026-08-06T01:08:04.712Z] GET https://www.devsisters.com/_next/static/css/bab2a2ef530354d9.css → 200 (17ms, 3803B)
[2026-08-06T01:08:04.712Z] GET https://www.devsisters.com/_next/static/chunks/7226.7ec969fd8d51446d.js → 200 (53ms, 3255B)
[2026-08-06T01:08:04.712Z] GET https://www.devsisters.com/_next/static/chunks/8706.27ac8a8795d8aaeb.js → 200 (191ms, 2057B)
[2026-08-06T01:08:04.712Z] GET https://www.devsisters.com/_next/static/chunks/6622.0587bbe285c00cd2.js → 200 (189ms, 3022B)
[2026-08-06T01:08:04.712Z] GET https://www.devsisters.com/_next/static/chunks/6384.45d84ca6b9add8ef.js → 200 (190ms, 1517B)
[2026-08-06T01:08:04.712Z] GET https://www.devsisters.com/_next/static/chunks/4530.5defa9d4461148ed.js → 200 (74ms, 1289B)
[2026-08-06T01:08:04.712Z] GET https://www.devsisters.com/_next/static/chunks/webpack-abeb07cc45cbc238.js → 200 (190ms, 2231B)
[2026-08-06T01:08:04.712Z] GET https://www.devsisters.com/_next/static/chunks/framework-2c03ddc44b9f482b.js → 200 (191ms, 46666B)
[2026-08-06T01:08:04.712Z] GET https://www.devsisters.com/_next/static/chunks/main-4a66551ce0b71656.js → 200 (190ms, 41675B)
[2026-08-06T01:08:04.712Z] GET https://www.devsisters.com/_next/static/chunks/pages/_app-8183529ec7e706ca.js → 200 (191ms, 109586B)
[2026-08-06T01:08:04.712Z] GET https://www.devsisters.com/_next/static/chunks/9905-7150cfbe2970ea5d.js → 200 (57ms, 7307B)
[2026-08-06T01:08:04.712Z] GET https://www.devsisters.com/_next/static/chunks/7670-7a3ab847bd626dab.js → 200 (189ms, 15066B)
[2026-08-06T01:08:04.712Z] GET https://www.devsisters.com/_next/static/chunks/pages/index-1928ced3eaa83b16.js → 200 (190ms, 11680B)
[2026-08-06T01:08:04.712Z] GET https://www.devsisters.com/_next/static/EBVeDoA8JXwmu8PBJciJf/_buildManifest.js → 200 (45ms, 1491B)
[2026-08-06T01:08:04.712Z] GET https://www.devsisters.com/_next/static/EBVeDoA8JXwmu8PBJciJf/_ssgManifest.js → 200 (189ms, 869B)
[2026-08-06T01:08:04.726Z] GET https://use.typekit.net/prd1jrx.css → 200 (32ms, 1218B)
[2026-08-06T01:08:04.726Z] GET https://developers.kakao.com/sdk/js/kakao.js → 301 (44ms, 166B)
[2026-08-06T01:08:04.726Z] GET https://www.devsisters.com/image/home/devsisters-home-kv.webp → 200 (170ms, 72212B)
[2026-08-06T01:08:04.726Z] GET https://www.devsisters.com/image/home/ourgames-ovenbreak-poster.webp → 200 (170ms, 119381B)
[2026-08-06T01:08:04.726Z] GET https://www.devsisters.com/image/home/ourgames-kingdom-poster.webp → 200 (50ms, 174018B)
[2026-08-06T01:08:04.726Z] GET https://home.assets.devsisters.com/video/keyvisual/kv-pc-hevc.2601.mp4 → pending (?ms, ?B)
[2026-08-06T01:08:04.726Z] GET https://home.assets.devsisters.com/video/home-ourgames-ovenbreak-hevc.mp4 → pending (?ms, ?B)
[2026-08-06T01:08:04.728Z] GET https://www.devsisters.com/image/home/ourgames-toa-poster.webp → 200 (72ms, 102182B)
[2026-08-06T01:08:04.728Z] GET https://www.devsisters.com/image/home/ourgames-witchscastle-poster.webp → 200 (72ms, 174507B)
[2026-08-06T01:08:04.728Z] GET https://www.devsisters.com/image/home/ourgames-cookierun-bg.webp → 200 (30ms, 171655B)
[2026-08-06T01:08:04.728Z] GET https://www.devsisters.com/image/home/ourgames-ovensmash-poster.webp → 404 (189ms, 112402B)
[2026-08-06T01:08:04.728Z] GET https://www.devsisters.com/image/home/ourgames-braverse-bg.webp → 200 (72ms, 230622B)
[2026-08-06T01:08:04.730Z] GET https://home.assets.devsisters.com/video/home-ourgames-kingdom-hevc.mp4 → pending (?ms, ?B)
[2026-08-06T01:08:04.730Z] GET https://home.assets.devsisters.com/video/home-ourgames-toa-hevc.mp4 → 206 (199ms, ?B)
[2026-08-06T01:08:04.731Z] GET https://home.assets.devsisters.com/video/home-ourgames-witchscastle-hevc.mp4 → 206 (169ms, ?B)
[2026-08-06T01:08:04.731Z] GET https://home.assets.devsisters.com/video/home-ourgames-cookierun-hevc.mp4 → 206 (160ms, ?B)
[2026-08-06T01:08:04.731Z] GET https://home.assets.devsisters.com/video/home/ourgames-ovensmash-hevc.mp4 → pending (?ms, ?B)
[2026-08-06T01:08:04.732Z] GET https://home.assets.devsisters.com/video/home-ourgames-braverse-hevc.mp4 → pending (?ms, ?B)
[2026-08-06T01:08:04.759Z] GET https://p.typekit.net/p.css?s=1&k=prd1jrx&ht=tk&f=18436.18438.18439.18440.18441.18443.18445.22801.22797&a=309865541&app=typekit&e=css → 200 (41ms, 173B)
[2026-08-06T01:08:04.771Z] GET https://t1.kakaocdn.net/kakao_js_sdk/v1/kakao.js → pending (?ms, ?B)
[2026-08-06T01:08:04.887Z] GET https://use.typekit.net/af/c74e87/0000000000000000774e925c/31/l?subset_id=2&fvd=n9&v=3 → 200 (66ms, 18439B)
[2026-08-06T01:08:04.887Z] GET https://use.typekit.net/af/dca5dc/0000000000000000774e9258/31/l?primer=7cdcb44be4a7db8877ffa5c0007b8dd865b3bbc383831fe2ea177f62257a9191&fvd=n7&v=3 → 200 (67ms, 24307B)
[2026-08-06T01:08:04.887Z] GET https://www.devsisters.com/fonts/Pretendard-SemiBold.woff → pending (?ms, ?B)
[2026-08-06T01:08:05.022Z] GET https://www.devsisters.com/_next/static/chunks/0b0b7a04.72b78d035d3c36bf.js → 200 (74ms, 89490B)
[2026-08-06T01:08:05.087Z] GET https://www.googletagmanager.com/gtag/js?id=G-4T08SEYRN3 → 200 (135ms, 168043B)
[2026-08-06T01:08:05.088Z] GET https://www.devsisters.com/image/sequence/home/home-hero-sq-000.webp → 200 (112ms, 57468B)
[2026-08-06T01:08:05.088Z] GET https://www.devsisters.com/image/sequence/home/home-hero-sq-001.webp → pending (?ms, ?B)
[2026-08-06T01:08:05.088Z] GET https://www.devsisters.com/image/sequence/home/home-hero-sq-002.webp → pending (?ms, ?B)
[2026-08-06T01:08:05.088Z] GET https://www.devsisters.com/image/sequence/home/home-hero-sq-003.webp → 200 (33ms, 57926B)
[2026-08-06T01:08:05.088Z] GET https://www.devsisters.com/image/sequence/home/home-hero-sq-004.webp → pending (?ms, ?B)
[2026-08-06T01:08:05.088Z] GET https://www.devsisters.com/image/sequence/home/home-hero-sq-005.webp → 200 (167ms, 57646B)
[2026-08-06T01:08:05.088Z] GET https://www.devsisters.com/image/sequence/home/home-hero-sq-006.webp → 200 (232ms, 58011B)
[2026-08-06T01:08:05.088Z] GET https://www.devsisters.com/image/sequence/home/home-hero-sq-007.webp → 200 (161ms, 58319B)
[2026-08-06T01:08:05.088Z] GET https://www.devsisters.com/image/sequence/home/home-hero-sq-008.webp → 200 (112ms, 58325B)
[2026-08-06T01:08:05.088Z] GET https://www.devsisters.com/image/sequence/home/home-hero-sq-009.webp → pending (?ms, ?B)
[2026-08-06T01:08:05.088Z] GET https://www.devsisters.com/image/sequence/home/home-hero-sq-010.webp → 200 (243ms, ?B)
[2026-08-06T01:08:05.088Z] GET https://www.devsisters.com/image/sequence/home/home-hero-sq-011.webp → pending (?ms, ?B)
[2026-08-06T01:08:05.088Z] GET https://www.devsisters.com/image/sequence/home/home-hero-sq-012.webp → 200 (243ms, ?B)
[2026-08-06T01:08:05.088Z] GET https://www.devsisters.com/image/sequence/home/home-hero-sq-013.webp → pending (?ms, ?B)
[2026-08-06T01:08:05.088Z] GET https://www.devsisters.com/image/sequence/home/home-hero-sq-014.webp → pending (?ms, ?B)
[2026-08-06T01:08:05.088Z] GET https://www.devsisters.com/image/sequence/home/home-hero-sq-015.webp → pending (?ms, ?B)
[2026-08-06T01:08:05.088Z] GET https://www.devsisters.com/image/sequence/home/home-hero-sq-016.webp → 200 (655ms, ?B)
[2026-08-06T01:08:05.088Z] GET https://www.devsisters.com/image/sequence/home/home-hero-sq-017.webp → pending (?ms, ?B)
[2026-08-06T01:08:05.088Z] GET https://www.devsisters.com/image/sequence/home/home-hero-sq-018.webp → 200 (232ms, ?B)
[2026-08-06T01:08:05.088Z] GET https://www.devsisters.com/image/sequence/home/home-hero-sq-019.webp → 200 (703ms, ?B)
[2026-08-06T01:08:05.088Z] GET https://www.devsisters.com/image/sequence/home/home-hero-sq-020.webp → 200 (653ms, ?B)
[2026-08-06T01:08:05.088Z] GET https://www.devsisters.com/image/sequence/home/home-hero-sq-021.webp → 200 (457ms, ?B)
[2026-08-06T01:08:05.088Z] GET https://www.devsisters.com/image/sequence/home/home-hero-sq-022.webp → 200 (232ms, ?B)
[2026-08-06T01:08:05.088Z] GET https://www.devsisters.com/image/sequence/home/home-hero-sq-023.webp → pending (?ms, ?B)
[2026-08-06T01:08:05.088Z] GET https://www.devsisters.com/image/sequence/home/home-hero-sq-024.webp → 200 (242ms, ?B)
[2026-08-06T01:08:05.088Z] GET https://www.devsisters.com/image/sequence/home/home-hero-sq-025.webp → 200 (177ms, ?B)
[2026-08-06T01:08:05.088Z] GET https://www.devsisters.com/image/sequence/home/home-hero-sq-026.webp → pending (?ms, ?B)
[2026-08-06T01:08:05.088Z] GET https://www.devsisters.com/image/sequence/home/home-hero-sq-027.webp → 200 (230ms, 57693B)
[2026-08-06T01:08:05.088Z] GET https://www.devsisters.com/image/sequence/home/home-hero-sq-028.webp → 200 (306ms, ?B)
[2026-08-06T01:08:05.088Z] GET https://www.devsisters.com/image/sequence/home/home-hero-sq-029.webp → pending (?ms, ?B)
[2026-08-06T01:08:05.088Z] GET https://www.devsisters.com/image/sequence/home/home-hero-sq-030.webp → pending (?ms, ?B)
[2026-08-06T01:08:05.088Z] GET https://www.devsisters.com/image/sequence/home/home-hero-sq-031.webp → 200 (306ms, ?B)
[2026-08-06T01:08:05.088Z] GET https://www.devsisters.com/image/sequence/home/home-hero-sq-032.webp → pending (?ms, ?B)
[2026-08-06T01:08:05.088Z] GET https://www.devsisters.com/image/sequence/home/home-hero-sq-033.webp → pending (?ms, ?B)
[2026-08-06T01:08:05.088Z] GET https://www.devsisters.com/image/sequence/home/home-hero-sq-034.webp → 200 (231ms, ?B)
[2026-08-06T01:08:05.088Z] GET https://www.devsisters.com/image/sequence/home/home-hero-sq-035.webp → 200 (655ms, ?B)
[2026-08-06T01:08:05.088Z] GET https://www.devsisters.com/image/sequence/home/home-hero-sq-036.webp → 200 (243ms, ?B)
[2026-08-06T01:08:05.088Z] GET https://www.devsisters.com/image/sequence/home/home-hero-sq-037.webp → pending (?ms, ?B)
[2026-08-06T01:08:05.088Z] GET https://www.devsisters.com/image/sequence/home/home-hero-sq-038.webp → 200 (572ms, ?B)
[2026-08-06T01:08:05.088Z] GET https://www.devsisters.com/image/sequence/home/home-hero-sq-039.webp → 200 (306ms, ?B)
[2026-08-06T01:08:05.088Z] GET https://www.devsisters.com/image/sequence/home/home-hero-sq-040.webp → pending (?ms, ?B)
[2026-08-06T01:08:05.088Z] GET https://www.devsisters.com/image/sequence/home/home-hero-sq-041.webp → pending (?ms, ?B)
[2026-08-06T01:08:05.088Z] GET https://www.devsisters.com/image/sequence/home/home-hero-sq-042.webp → pending (?ms, ?B)
[2026-08-06T01:08:05.088Z] GET https://www.devsisters.com/image/sequence/home/home-hero-sq-043.webp → 200 (520ms, ?B)
[2026-08-06T01:08:05.088Z] GET https://www.devsisters.com/image/sequence/home/home-hero-sq-044.webp → 200 (755ms, ?B)
[2026-08-06T01:08:05.088Z] GET https://www.devsisters.com/image/sequence/home/home-hero-sq-045.webp → 200 (846ms, ?B)
[2026-08-06T01:08:05.088Z] GET https://www.devsisters.com/image/sequence/home/home-hero-sq-046.webp → pending (?ms, ?B)
[2026-08-06T01:08:05.088Z] GET https://www.devsisters.com/image/sequence/home/home-hero-sq-047.webp → pending (?ms, ?B)
[2026-08-06T01:08:05.088Z] GET https://www.devsisters.com/image/sequence/home/home-hero-sq-048.webp → pending (?ms, ?B)
[2026-08-06T01:08:05.122Z] GET https://home.assets.devsisters.com/video/home-ourgames-cookierun.mp4 → 206 (127ms, ?B)
[2026-08-06T01:08:05.123Z] GET https://home.assets.devsisters.com/video/home-ourgames-toa.mp4 → 206 (126ms, ?B)
[2026-08-06T01:08:05.123Z] GET https://home.assets.devsisters.com/video/home-ourgames-witchscastle.mp4 → 206 (126ms, 5892324B)
[2026-08-06T01:08:05.141Z] GET https://www.devsisters.com/lottie/home-cta-parentalguide.json → pending (?ms, ?B)
[2026-08-06T01:08:05.141Z] GET https://www.devsisters.com/lottie/home-cta-support.json → pending (?ms, ?B)
[2026-08-06T01:08:05.141Z] GET https://www.devsisters.com/lottie/home-cta-fankit.json → pending (?ms, ?B)
[2026-08-06T01:08:05.148Z] GET https://www.devsisters.com/_next/data/EBVeDoA8JXwmu8PBJciJf/ko.json → pending (?ms, ?B)
[2026-08-06T01:08:05.148Z] GET https://www.devsisters.com/_next/data/EBVeDoA8JXwmu8PBJciJf/ko/about.json → pending (?ms, ?B)
[2026-08-06T01:08:05.148Z] GET https://www.devsisters.com/_next/static/chunks/8215-7db4805a52e26c24.js → pending (?ms, ?B)
[2026-08-06T01:08:05.148Z] GET https://www.devsisters.com/_next/static/chunks/pages/about-49ad4dc0525ae135.js → pending (?ms, ?B)
[2026-08-06T01:08:05.148Z] GET https://www.devsisters.com/_next/data/EBVeDoA8JXwmu8PBJciJf/ko/games.json → pending (?ms, ?B)
[2026-08-06T01:08:05.148Z] GET https://www.devsisters.com/_next/static/chunks/2334-0001dce841ecde57.js → pending (?ms, ?B)
[2026-08-06T01:08:05.148Z] GET https://www.devsisters.com/_next/static/chunks/pages/games-988fe915a8103341.js → pending (?ms, ?B)
[2026-08-06T01:08:05.148Z] GET https://www.devsisters.com/_next/data/EBVeDoA8JXwmu8PBJciJf/ko/studios/ovengames.json → pending (?ms, ?B)
[2026-08-06T01:08:05.148Z] GET https://www.devsisters.com/_next/static/chunks/2910-53c415834e159935.js → pending (?ms, ?B)
[2026-08-06T01:08:05.148Z] GET https://www.devsisters.com/_next/static/chunks/pages/studios/ovengames-942eecaac4b590eb.js → pending (?ms, ?B)
[2026-08-06T01:08:05.148Z] GET https://www.devsisters.com/_next/static/chunks/pages/stories/%5Bcategory%5D-6348aaf25a073318.js → pending (?ms, ?B)
[2026-08-06T01:08:05.148Z] GET https://www.devsisters.com/_next/static/chunks/5871-07a961ea3ec06714.js → pending (?ms, ?B)
[2026-08-06T01:08:05.148Z] GET https://www.devsisters.com/_next/static/chunks/pages/investors-31f704e046d5b084.js → pending (?ms, ?B)
[2026-08-06T01:08:05.148Z] GET https://www.devsisters.com/_next/data/EBVeDoA8JXwmu8PBJciJf/ko/support.json → pending (?ms, ?B)
[2026-08-06T01:08:05.148Z] GET https://www.devsisters.com/_next/static/chunks/pages/support-e833a795236fdfa0.js → pending (?ms, ?B)
[2026-08-06T01:08:05.153Z] GET https://home.assets.devsisters.com/video/keyvisual/kv-pc-h264.2601.mp4 → 206 (96ms, ?B)
[2026-08-06T01:08:05.153Z] GET https://home.assets.devsisters.com/video/home-ourgames-kingdom.mp4 → 206 (96ms, ?B)
[2026-08-06T01:08:05.153Z] GET https://home.assets.devsisters.com/video/home-ourgames-ovenbreak.mp4 → 206 (96ms, ?B)
[2026-08-06T01:08:05.160Z] GET https://home.assets.devsisters.com/video/home-ourgames-braverse.mp4 → 206 (153ms, 5638716B)
[2026-08-06T01:08:05.160Z] GET https://home.assets.devsisters.com/video/home/ourgames-ovensmash.mp4 → 206 (153ms, ?B)
[2026-08-06T01:08:05.248Z] POST https://www.google-analytics.com/g/collect?v=2&tid=G-4T08SEYRN3&gtm=45je6841v9104453725za200zd9104453725&_p=1785978485038&gcd=13l3l3l3l1l1&npa=0&dma=0&are=1&cid=1314406450.1785978485&frm=0&ngs=1&pscdl=noapi&rcb=19&sr=1280x720&uaa=x86&uab=64&uafvl=Not%253AA-Brand%3B99.0.0.0%7CHeadlessChrome%3B145.0.7632.6%7CChromium%3B145.0.7632.6&uam=&uamb=0&uap=Linux&uapv=&uaw=0&ul=en-us&_s=1&tag_exp=115938465~115938469~118897920~118897930~119527020~119896803&dp=%2Fko&sid=1785978485&sct=1&seg=0&dl=https%3A%2F%2Fwww.devsisters.com%2Fko&dt=%EB%8D%B0%EB%B8%8C%EC%8B%9C%EC%8A%A4%ED%84%B0%EC%A6%88%20%7C%20We%20Create%20a%20Joyful%20World!&en=page_view&_fv=1&_nsi=1&_ss=1&_ee=1&tfd=694 → 204 (85ms, ?B)
[2026-08-06T01:08:05.313Z] GET https://home.assets.devsisters.com/video/home-ourgames-kingdom.mp4 → 206 (295ms, 15737B)
[2026-08-06T01:08:05.316Z] GET https://home.assets.devsisters.com/video/home-ourgames-ovenbreak.mp4 → 206 (222ms, 29113B)
[2026-08-06T01:08:05.590Z] GET https://home.assets.devsisters.com/video/home-ourgames-ovenbreak.mp4 → 206 (1ms, ?B)
[2026-08-06T01:08:05.671Z] GET https://home.assets.devsisters.com/video/home-ourgames-kingdom.mp4 → 206 (1ms, ?B)
[2026-08-06T01:08:07.168Z] GET https://www.devsisters.com/_next/static/chunks/8215-7db4805a52e26c24.js → 200 (1ms, -533B)
[2026-08-06T01:08:07.168Z] GET https://www.devsisters.com/_next/static/chunks/pages/about-49ad4dc0525ae135.js → 200 (2ms, -541B)
[2026-08-06T01:08:07.203Z] GET https://www.devsisters.com/_next/static/chunks/5871-07a961ea3ec06714.js → 200 (4ms, -533B)
[2026-08-06T01:08:07.203Z] GET https://www.devsisters.com/_next/static/chunks/pages/support-e833a795236fdfa0.js → 200 (5ms, -545B)
[2026-08-06T01:08:07.215Z] GET https://www.devsisters.com/_next/static/chunks/2334-0001dce841ecde57.js → 200 (9ms, -530B)
[2026-08-06T01:08:07.216Z] GET https://www.devsisters.com/_next/static/chunks/2910-53c415834e159935.js → 200 (8ms, -533B)
[2026-08-06T01:08:07.216Z] GET https://www.devsisters.com/_next/static/chunks/pages/studios/ovengames-942eecaac4b590eb.js → 200 (8ms, -576B)
[2026-08-06T01:08:07.216Z] GET https://www.devsisters.com/_next/static/chunks/pages/stories/%5Bcategory%5D-6348aaf25a073318.js → 200 (8ms, -563B)
[2026-08-06T01:08:07.241Z] GET https://www.devsisters.com/_next/static/chunks/pages/games-988fe915a8103341.js → 200 (1ms, -560B)
[2026-08-06T01:08:07.252Z] GET https://www.devsisters.com/_next/static/chunks/pages/investors-31f704e046d5b084.js → 200 (5ms, -549B)
[2026-08-06T01:08:07.328Z] GET https://www.devsisters.com/fonts/Pretendard-Medium.woff → 200 (147ms, 355517B)
[2026-08-06T01:08:08.070Z] GET https://www.teamcherry.com.au/ → 200 (572ms, 24555B)
[2026-08-06T01:08:08.648Z] GET https://assets.squarespace.com/@sqs/polyfiller/1.6/modern.js → 200 (53ms, 42834B)
[2026-08-06T01:08:08.743Z] GET https://assets.squarespace.com/universal/scripts-compressed/visitor-site-error-reporter-949c5a26a5ec79fe-min.en-US.js → 200 (8ms, 1811B)
[2026-08-06T01:08:08.743Z] GET https://assets.squarespace.com/universal/scripts-compressed/extract-css-runtime-c81621b401bbba9f-min.en-US.js → 200 (9ms, 18559B)
[2026-08-06T01:08:08.743Z] GET https://assets.squarespace.com/universal/scripts-compressed/extract-css-moment-js-vendor-a5cfdec1ae227f33-min.en-US.js → 200 (137ms, 45246B)
[2026-08-06T01:08:08.743Z] GET https://assets.squarespace.com/universal/scripts-compressed/cldr-resource-pack-22bdf933fb74be0d-min.en-US.js → 200 (139ms, 15309B)
[2026-08-06T01:08:08.744Z] GET https://assets.squarespace.com/universal/scripts-compressed/common-vendors-stable-784b947826b4c445-min.en-US.js → 200 (139ms, 82381B)
[2026-08-06T01:08:08.744Z] GET https://assets.squarespace.com/universal/scripts-compressed/common-vendors-de28642627a3a9b9-min.en-US.js → 200 (171ms, 201294B)
[2026-08-06T01:08:08.744Z] GET https://assets.squarespace.com/universal/scripts-compressed/common-330e33aad6f035cf-min.en-US.js → 200 (173ms, 258033B)
[2026-08-06T01:08:08.744Z] GET https://assets.squarespace.com/universal/scripts-compressed/performance-bec258cfecd84cb8-min.en-US.js → 200 (139ms, 32922B)
[2026-08-06T01:08:08.744Z] GET https://definitions.sqspcdn.com/website-component-definition/static-assets/website.components.socialLinks/9a7d66d2-551d-4d41-a94f-d42d9da992c0_587/website.components.socialLinks.styles.css → 200 (75ms, 1845B)
[2026-08-06T01:08:08.744Z] GET https://definitions.sqspcdn.com/website-component-definition/static-assets/website.components.html/1f778dd0-146a-42aa-a161-0f11419c8e7e_809/website.components.html.styles.css → 200 (63ms, 564B)
[2026-08-06T01:08:08.744Z] GET https://definitions.sqspcdn.com/website-component-definition/static-assets/website.components.video/df713a4e-7155-476e-a255-854104cff27a_554/website.components.video.styles.css → 200 (64ms, 1135B)
[2026-08-06T01:08:08.744Z] GET https://definitions.sqspcdn.com/website-component-definition/static-assets/website.components.video/df713a4e-7155-476e-a255-854104cff27a_554/4032.js → 200 (139ms, 3305B)
[2026-08-06T01:08:08.744Z] GET https://definitions.sqspcdn.com/website-component-definition/static-assets/website.components.video/df713a4e-7155-476e-a255-854104cff27a_554/website.components.video.visitor.js → 200 (172ms, 244325B)
[2026-08-06T01:08:08.744Z] GET https://definitions.sqspcdn.com/website-component-definition/static-assets/website.components.html/1f778dd0-146a-42aa-a161-0f11419c8e7e_809/website.components.html.visitor.js → 200 (171ms, 4080B)
[2026-08-06T01:08:08.744Z] GET https://definitions.sqspcdn.com/website-component-definition/static-assets/website.components.socialLinks/9a7d66d2-551d-4d41-a94f-d42d9da992c0_587/website.components.socialLinks.visitor.js → 200 (171ms, 4456B)
[2026-08-06T01:08:08.744Z] GET https://static1.squarespace.com/static/versioned-site-css/606d4deb4db8c15ea53b3624/74/5c5a519771c10ba3470d8101/606d4deb4db8c15ea53b3652/1811/site.css?nocustom=true → 200 (86ms, 112351B)
[2026-08-06T01:08:08.744Z] GET https://static1.squarespace.com/static/vta/5c5a519771c10ba3470d8101/versioned-assets/1784658820989-T86EF34M4QVPBBCSSFUN/static.css → 200 (76ms, 40873B)
[2026-08-06T01:08:08.744Z] GET https://images.squarespace-cdn.com/content/v1/606d4deb4db8c15ea53b3624/1618313425981-OKWEWRWP5D6WNQY7FQ8R/Team_Cherry_Logo_NoText_Small.png?format=1500w → 200 (170ms, 3518B)
[2026-08-06T01:08:08.744Z] GET https://static1.squarespace.com/static/vta/5c5a519771c10ba3470d8101/scripts/site-bundle.3ac4db8e38074e1383b5ecad2061af25.js → 200 (138ms, 38868B)
[2026-08-06T01:08:08.744Z] GET https://cdnjs.cloudflare.com/ajax/libs/jquery/3.5.0/jquery.min.js → 200 (73ms, 28660B)
[2026-08-06T01:08:08.854Z] GET https://www.teamcherry.com.au/universal/svg/social-accounts.svg → 200 (120ms, ?B)
[2026-08-06T01:08:08.878Z] GET https://file.squarespace-cdn.com/content/v2/namespaces/fonts/libraries/sqsp/assets/abb8d202-34bc-4174-a25f-c00d4154bb44/latin.woff2 → 200 (96ms, 7802B)
[2026-08-06T01:08:08.879Z] GET https://file.squarespace-cdn.com/content/v2/namespaces/fonts/libraries/sqsp/assets/00d1a230-e215-4217-b1cf-31145362801e/latin.woff2 → 200 (95ms, 7628B)
[2026-08-06T01:08:08.879Z] GET https://file.squarespace-cdn.com/content/v2/namespaces/fonts/libraries/sqsp/assets/da0c3c0d-458f-46e2-9c64-bac004d4e8c1/latin.woff2 → 200 (95ms, 7664B)
[2026-08-06T01:08:08.880Z] GET https://images.squarespace-cdn.com/content/v1/606d4deb4db8c15ea53b3624/1773721122988-JJ3NQYT48R6IZRMDXCAH/patch5thumb.jpg?format=1500w → 200 (94ms, 50888B)
[2026-08-06T01:08:08.880Z] GET https://images.squarespace-cdn.com/content/v1/606d4deb4db8c15ea53b3624/1770336171365-B41Z9D0SZFGJNY7YAMHC/HK_thumbnail.jpg?format=1500w → 200 (94ms, ?B)
[2026-08-06T01:08:08.880Z] GET https://images.squarespace-cdn.com/content/v1/606d4deb4db8c15ea53b3624/1765844057722-4JJ4VAO2JCD81M9RPVNA/thumbnail2.jpg?format=1500w → pending (?ms, ?B)
[2026-08-06T01:08:08.880Z] GET https://images.squarespace-cdn.com/content/v1/606d4deb4db8c15ea53b3624/1762494579527-F8SHW5U81OHQ2DQB2IA3/thumbnail1.jpg?format=1500w → pending (?ms, ?B)
[2026-08-06T01:08:08.880Z] GET https://images.squarespace-cdn.com/content/v1/606d4deb4db8c15ea53b3624/1762491932808-UQG86YKDZ2HCEOUWOLX8/thumbnail.jpg?format=1500w → pending (?ms, ?B)
[2026-08-06T01:08:09.029Z] GET https://static1.squarespace.com/static/vta/5c5a519771c10ba3470d8101/scripts/blog-image-loader.2638e8a080d6ae444909.js → 200 (21ms, 654B)
[2026-08-06T01:08:09.045Z] GET https://assets.squarespace.com/universal/scripts-compressed/50785-5da795d97049b11f-min.en-US.js → 200 (22ms, 5825B)
[2026-08-06T01:08:09.045Z] GET https://assets.squarespace.com/universal/scripts-compressed/84080-778cda698e7d2f53-min.en-US.js → 200 (27ms, 3061B)
[2026-08-06T01:08:09.045Z] GET https://assets.squarespace.com/universal/scripts-compressed/49167-51945efe4889e521-min.en-US.js → 200 (34ms, 23288B)
[2026-08-06T01:08:09.045Z] GET https://assets.squarespace.com/universal/scripts-compressed/21955-3ae2fbde27c25db8-min.en-US.js → 200 (27ms, 3909B)
[2026-08-06T01:08:09.045Z] GET https://assets.squarespace.com/universal/scripts-compressed/28381-6eeb9be5f9a5650d-min.en-US.js → 200 (28ms, 2650B)
[2026-08-06T01:08:09.045Z] GET https://assets.squarespace.com/universal/scripts-compressed/48844-0ea0777685aad99c-min.en-US.js → 200 (26ms, 4702B)
[2026-08-06T01:08:09.045Z] GET https://assets.squarespace.com/universal/scripts-compressed/68506-b6cd1cc81f09244b-min.en-US.js → 200 (26ms, 6995B)
[2026-08-06T01:08:09.045Z] GET https://assets.squarespace.com/universal/styles-compressed/35ebb88013744865-min.en-US.css → 200 (19ms, 3625B)
[2026-08-06T01:08:09.045Z] GET https://assets.squarespace.com/universal/scripts-compressed/async-commerce-cart-utils-b95e5c25201e0c59-min.en-US.js → 200 (26ms, 2909B)
[2026-08-06T01:08:09.046Z] GET https://assets.squarespace.com/universal/styles-compressed/8308d1793f387442-min.en-US.css → 200 (19ms, 1490B)
[2026-08-06T01:08:09.046Z] GET https://assets.squarespace.com/universal/scripts-compressed/async-reserved-cart-bootstrap-cb36473b5ae5727e-min.en-US.js → 200 (25ms, 2191B)
[2026-08-06T01:08:09.046Z] POST https://www.teamcherry.com.au/api/census/RecordHit → 200 (388ms, 110B)
[2026-08-06T01:08:09.055Z] GET https://static1.squarespace.com/static/vta/5c5a519771c10ba3470d8101/scripts/floating-cart.333bd5aee1885e7af603.js → 200 (9ms, 558B)
[2026-08-06T01:08:09.055Z] GET https://static1.squarespace.com/static/vta/5c5a519771c10ba3470d8101/scripts/item-pagination.4fdc578f6b37798c493e.js → 200 (17ms, 685B)
[2026-08-06T01:08:11.466Z] GET https://massivemonster.co/ → 301 (435ms, ?B)
[2026-08-06T01:08:11.901Z] GET https://massivemonster.com/ → pending (?ms, ?B)
[2026-08-06T01:08:12.412Z] GET https://massivemonster.com/cdn-cgi/speculation → 200 (134ms, 464B)
[2026-08-06T01:08:12.412Z] GET https://use.typekit.net/xoh4ayb.css → 200 (337ms, 1833B)
[2026-08-06T01:08:12.412Z] GET https://massivemonster.com/_nuxt/entry.Bd0DYDEd.css → 200 (205ms, 35365B)
[2026-08-06T01:08:12.412Z] GET https://massivemonster.com/_nuxt/TheMonster.B6134nFw.css → 200 (320ms, 2147B)
[2026-08-06T01:08:12.412Z] GET https://massivemonster.com/_nuxt/TheFooter.DA-sUSrV.css → 200 (321ms, 1306B)
[2026-08-06T01:08:12.412Z] GET https://massivemonster.com/_nuxt/MHoloCard.7ueMkGCP.css → 200 (321ms, 1190B)
[2026-08-06T01:08:12.412Z] GET https://massivemonster.com/_payload.json?82c4a0f2-9f2a-422e-a344-f349e13a78e6 → 200 (322ms, 1977B)
[2026-08-06T01:08:12.412Z] GET https://massivemonster.com/_nuxt/BmkF0MoK.js → 200 (551ms, 216942B)
[2026-08-06T01:08:12.412Z] GET https://massivemonster.com/_nuxt/BJOMUJut.js → 200 (474ms, 3802B)
[2026-08-06T01:08:12.412Z] GET https://massivemonster.com/_nuxt/C9ZJJMvh.js → 200 (474ms, 984B)
[2026-08-06T01:08:12.412Z] GET https://massivemonster.com/_nuxt/4q4XrcQq.js → 200 (474ms, 637B)
[2026-08-06T01:08:12.412Z] GET https://massivemonster.com/_nuxt/DveKQhdI.js → 200 (527ms, 4893B)
[2026-08-06T01:08:12.412Z] GET https://massivemonster.com/_nuxt/m1YR_kkr.js → 200 (216ms, 1609B)
[2026-08-06T01:08:12.412Z] GET https://massivemonster.com/_nuxt/KDNM64ju.js → 200 (189ms, 945B)
[2026-08-06T01:08:12.413Z] GET https://massivemonster.com/_nuxt/BBTKIieb.js → 200 (473ms, 923B)
[2026-08-06T01:08:12.413Z] GET https://massivemonster.com/_nuxt/Co1Ea87e.js → 200 (217ms, 737B)
[2026-08-06T01:08:12.413Z] GET https://massivemonster.com/_nuxt/BIGXbq1Z.js → 200 (473ms, 1778B)
[2026-08-06T01:08:12.413Z] GET https://massivemonster.com/_nuxt/DlneinU1.js → 200 (526ms, 3929B)
[2026-08-06T01:08:12.413Z] GET https://massivemonster.com/_nuxt/CjOnw7KU.js → 200 (527ms, 1124B)
[2026-08-06T01:08:12.413Z] GET https://massivemonster.com/_nuxt/C104SPcy.js → 200 (476ms, 807B)
[2026-08-06T01:08:12.413Z] GET https://massivemonster.com/_nuxt/Dz_3NzsP.js → 200 (527ms, 477B)
[2026-08-06T01:08:12.413Z] GET https://massivemonster.com/_nuxt/Deov0SGF.js → 200 (527ms, 15636B)
[2026-08-06T01:08:12.413Z] GET https://massivemonster.com/_nuxt/CItN1869.js → 200 (546ms, 2623B)
[2026-08-06T01:08:12.413Z] GET https://massivemonster.com/_nuxt/BYnwzrqd.js → 200 (216ms, 2577B)
[2026-08-06T01:08:12.413Z] GET https://massivemonster.com/_nuxt/CoeJ3tiS.js → 200 (202ms, 3525B)
[2026-08-06T01:08:12.414Z] GET https://massivemonster.com/_nuxt/RhQathFn.js → 200 (199ms, 466B)
[2026-08-06T01:08:12.414Z] GET https://massivemonster.com/_nuxt/WaI_jXzz.js → 200 (526ms, 671B)
[2026-08-06T01:08:12.414Z] GET https://massivemonster.com/_nuxt/w-ywl1Cf.js → 200 (526ms, 830B)
[2026-08-06T01:08:12.414Z] GET https://massivemonster.com/_nuxt/Z4a-qHp2.js → 200 (527ms, 3087B)
[2026-08-06T01:08:12.414Z] GET https://massivemonster.com/_nuxt/CfZ6oj3Q.js → 200 (203ms, 2739B)
[2026-08-06T01:08:12.414Z] GET https://massivemonster.com/_nuxt/BtSxJRZ6.js → 200 (186ms, 826B)
[2026-08-06T01:08:12.414Z] GET https://massivemonster.com/_nuxt/BzLCLO6P.js → 200 (527ms, 390B)
[2026-08-06T01:08:12.414Z] GET https://massivemonster.com/_nuxt/cVtp7NnP.js → 200 (527ms, 1030B)
[2026-08-06T01:08:12.414Z] GET https://massivemonster.com/_nuxt/OJeF1fWJ.js → 200 (527ms, 2664B)
[2026-08-06T01:08:12.414Z] GET https://massivemonster.com/_nuxt/BIzXZQ6_.js → 200 (214ms, 1500B)
[2026-08-06T01:08:12.414Z] GET https://massivemonster.com/cdn-cgi/image/w=155,h=53/image/logo-primary.png → pending (?ms, ?B)
[2026-08-06T01:08:12.414Z] GET https://massivemonster.com/cdn-cgi/image/w=1920,h=533,q=65,fit=cover/image/header-bg-wide.png → 200 (181ms, 52894B)
[2026-08-06T01:08:12.414Z] GET https://massivemonster.com/cdn-cgi/image/w=385,h=434/image/helicopter-left.png → 200 (181ms, 7257B)
[2026-08-06T01:08:12.414Z] GET https://massivemonster.com/cdn-cgi/image/w=422,h=350,f=png/image/helicopter-right.png → 200 (176ms, 7349B)
[2026-08-06T01:08:12.414Z] GET https://massivemonster.com/cdn-cgi/image/w=1,h=1,q=65/image/cult-of-the-lamb/CultOfTheLamb-NoLogo.png → 200 (214ms, 489B)
[2026-08-06T01:08:12.414Z] GET https://massivemonster.com/cdn-cgi/image/w=400,h=195,q=65,fit=contain/image/cult-of-the-lamb/Logo.png → 200 (187ms, 19979B)
[2026-08-06T01:08:12.414Z] GET https://massivemonster.com/cdn-cgi/image/w=26,h=26/image/heart.png → pending (?ms, ?B)
[2026-08-06T01:08:12.414Z] GET https://massivemonster.com/cdn-cgi/image/w=26,h=26/image/heart--blue.png → pending (?ms, ?B)
[2026-08-06T01:08:12.414Z] GET https://massivemonster.com/cdn-cgi/image/w=315,h=180/image/illustrations/mailman.svg → pending (?ms, ?B)
[2026-08-06T01:08:12.414Z] GET https://static.cloudflareinsights.com/beacon.min.js/v4513226cdae34746b4dedf0b4dfa099e1781791509496 → 200 (45ms, 11577B)
[2026-08-06T01:08:12.416Z] GET https://massivemonster.com/_nuxt/_slug_.DRv8vzT4.css → 503 (534ms, ?B)
[2026-08-06T01:08:12.416Z] GET https://massivemonster.com/_nuxt/Cgi2eC8i.js → 503 (557ms, ?B)
[2026-08-06T01:08:12.416Z] GET https://massivemonster.com/_nuxt/Bzqaaz7C.js → 503 (532ms, ?B)
[2026-08-06T01:08:12.416Z] GET https://massivemonster.com/_nuxt/B7E9WMzw.js → 503 (538ms, ?B)
[2026-08-06T01:08:12.416Z] GET https://massivemonster.com/_nuxt/BQsW5Ttb.js → 503 (557ms, ?B)
[2026-08-06T01:08:12.416Z] GET https://massivemonster.com/_nuxt/BN_7HF1G.js → 503 (543ms, ?B)
[2026-08-06T01:08:12.416Z] GET https://massivemonster.com/_nuxt/SVhVAX8x.js → 503 (520ms, ?B)
[2026-08-06T01:08:12.416Z] GET https://massivemonster.com/_nuxt/Bxf3Q9N-.js → 503 (525ms, ?B)
[2026-08-06T01:08:12.416Z] GET https://massivemonster.com/_nuxt/FAKnqVrI.js → 503 (515ms, ?B)
[2026-08-06T01:08:12.416Z] GET https://massivemonster.com/_nuxt/CqkleIqs.js → 503 (505ms, ?B)
[2026-08-06T01:08:12.416Z] GET https://massivemonster.com/_nuxt/BbVOpaCi.js → 503 (505ms, ?B)
[2026-08-06T01:08:12.416Z] GET https://massivemonster.com/_nuxt/DsSlloFO.js → 503 (507ms, ?B)
[2026-08-06T01:08:12.416Z] GET https://massivemonster.com/_nuxt/D8ZqX6b-.js → 503 (526ms, ?B)
[2026-08-06T01:08:12.416Z] GET https://massivemonster.com/_nuxt/BUSkYFoQ.js → 503 (517ms, ?B)
[2026-08-06T01:08:12.417Z] GET https://massivemonster.com/_nuxt/vD5qdC0H.js → 503 (546ms, ?B)
[2026-08-06T01:08:12.417Z] GET https://massivemonster.com/_nuxt/CAdcOs4z.js → 503 (510ms, ?B)
[2026-08-06T01:08:12.417Z] GET https://massivemonster.com/_nuxt/DOBfnx1m.js → 503 (556ms, ?B)
[2026-08-06T01:08:12.417Z] GET https://massivemonster.com/_nuxt/GQpBb6t9.js → 503 (563ms, ?B)
[2026-08-06T01:08:12.417Z] GET https://massivemonster.com/_nuxt/BRW1yd0s.js → 503 (563ms, ?B)
[2026-08-06T01:08:12.417Z] GET https://massivemonster.com/_nuxt/Bc1nghtl.js → 503 (556ms, ?B)
[2026-08-06T01:08:12.751Z] GET https://p.typekit.net/p.css?s=1&k=xoh4ayb&ht=tk&f=24553.24554.24558.24559.24537.24538.24539.24540.24541.24542.24543.24544.24545.24546.24547.24548.24549.24550.24551.24552.24580.24581.24588.24589&a=735082&app=typekit&e=css → 200 (35ms, 173B)
[2026-08-06T01:08:12.815Z] GET https://massivemonster.com/image/divider-tile.png → pending (?ms, ?B)
[2026-08-06T01:08:12.815Z] GET https://massivemonster.com/image/textures/monsters.webp → pending (?ms, ?B)
[2026-08-06T01:08:12.815Z] GET https://massivemonster.com/image/textures/items.png → pending (?ms, ?B)
[2026-08-06T01:08:12.815Z] GET https://use.typekit.net/af/2ff9be/00000000000000007735f999/31/l?primer=7cdcb44be4a7db8877ffa5c0007b8dd865b3bbc383831fe2ea177f62257a9191&fvd=n7&v=3 → 200 (48ms, 48648B)
[2026-08-06T01:08:12.815Z] GET https://use.typekit.net/af/707483/00000000000000007735a154/31/l?primer=7cdcb44be4a7db8877ffa5c0007b8dd865b3bbc383831fe2ea177f62257a9191&fvd=n4&v=3 → 200 (72ms, 30471B)
[2026-08-06T01:08:12.815Z] GET https://use.typekit.net/af/1fbf9b/00000000000000007735f98d/31/l?primer=7cdcb44be4a7db8877ffa5c0007b8dd865b3bbc383831fe2ea177f62257a9191&fvd=n4&v=3 → 200 (62ms, 47668B)
[2026-08-06T01:08:12.815Z] GET https://use.typekit.net/af/f5916e/00000000000000007735a147/31/l?primer=7cdcb44be4a7db8877ffa5c0007b8dd865b3bbc383831fe2ea177f62257a9191&fvd=n7&v=3 → 200 (79ms, 30419B)
[2026-08-06T01:08:12.815Z] GET https://massivemonster.com/cdn-cgi/image/w=302,h=173/image/illustrations/home.svg → pending (?ms, ?B)
[2026-08-06T01:08:12.815Z] GET https://massivemonster.com/cdn-cgi/image/w=420,h=205,q=70,fit=contain/image/cult-of-the-lamb/Logo.png → pending (?ms, ?B)
[2026-08-06T01:08:12.815Z] GET https://massivemonster.com/cdn-cgi/image/w=700,h=408,q=65,fit=cover/image/cult-of-the-lamb/CultOfTheLamb-NoLogo.png → pending (?ms, ?B)
[2026-08-06T01:08:12.815Z] GET https://massivemonster.com/cdn-cgi/image/w=420,h=140,q=70,fit=contain/image/adventure-pals/adventure-pals-logo.png → pending (?ms, ?B)
[2026-08-06T01:08:12.815Z] GET https://massivemonster.com/cdn-cgi/image/w=700,h=408,q=65,fit=cover/image/adventure-pals/adventure-pals-banner.png → pending (?ms, ?B)
[2026-08-06T01:08:12.815Z] GET https://massivemonster.com/cdn-cgi/image/w=420,h=245,q=70,fit=contain/image/never-give-up/never-give-up-logo.png → pending (?ms, ?B)
[2026-08-06T01:08:12.815Z] GET https://massivemonster.com/cdn-cgi/image/w=700,h=408,q=65,fit=cover/image/never-give-up/NGU_Promo_Website.png → pending (?ms, ?B)
[2026-08-06T01:08:12.815Z] GET https://massivemonster.com/cdn-cgi/image/w=480,h=432,q=70,fit=cover/blog-assets/limited-edition-mysterious-new-woolhaven-items-for-pre-order/6jgUDh8RbpiHJgiofBtdD9-StoreRestock.png → pending (?ms, ?B)
[2026-08-06T01:08:12.815Z] GET https://massivemonster.com/cdn-cgi/image/w=480,h=432,q=70,fit=cover/blog-assets/cult-of-the-lamb-woolhaven-out-now/3C3XsIQPIe91vGANKiybmj-GyvdFc0XYAAOdUZ.jpg → pending (?ms, ?B)
[2026-08-06T01:08:12.815Z] GET https://massivemonster.com/cdn-cgi/image/w=480,h=432,q=70,fit=cover/blog-assets/river-boy-forever/4lnqNuxJ3169lxbo097Ef6-riverBoy_header.jpeg → pending (?ms, ?B)
[2026-08-06T01:08:12.885Z] GET https://massivemonster.com/cdn-cgi/image/w=24,h=24,fit=cover/team/4acqCs7tRnTD2evOCACefG-Julian-2-.png → pending (?ms, ?B)
[2026-08-06T01:08:13.030Z] GET https://massivemonster.com/api/_nuxt_icon/fa6-solid.json?icons=bars-staggered%2Cup-right-from-square → 200 (665ms, 958B)
[2026-08-06T01:08:13.030Z] GET https://massivemonster.com/api/_nuxt_icon/fa6-brands.json?icons=discord%2Csquare-bluesky%2Csquare-x-twitter%2Csquare-youtube → 200 (649ms, 1703B)
[2026-08-06T01:08:13.120Z] GET https://massivemonster.com/_nuxt/builds/meta/82c4a0f2-9f2a-422e-a344-f349e13a78e6.json → 200 (211ms, 1410B)
[2026-08-06T01:08:13.120Z] GET https://massivemonster.com/_nuxt/CeA3IH_G.js → 200 (312ms, 1671B)
[2026-08-06T01:08:13.120Z] GET https://massivemonster.com/_nuxt/CkIwaI44.js → 200 (347ms, 2201B)
[2026-08-06T01:08:13.120Z] GET https://massivemonster.com/_nuxt/DOi4Z3mi.js → 200 (366ms, 3070B)
[2026-08-06T01:08:13.120Z] GET https://massivemonster.com/_nuxt/DtakBrVo.js → 200 (320ms, 2251B)
[2026-08-06T01:08:13.120Z] GET https://massivemonster.com/_nuxt/BWvbtfNf.js → 200 (265ms, 1045B)
[2026-08-06T01:08:13.120Z] GET https://massivemonster.com/_nuxt/D7ixfTmX.js → 200 (323ms, 2270B)
[2026-08-06T01:08:13.120Z] GET https://massivemonster.com/_nuxt/q_reobHu.js → 200 (351ms, 2900B)
[2026-08-06T01:08:13.120Z] GET https://massivemonster.com/_nuxt/CIos2xXO.js → 200 (339ms, 1981B)
[2026-08-06T01:08:13.120Z] GET https://massivemonster.com/_nuxt/BdpEoLCQ.js → 200 (283ms, 685B)
[2026-08-06T01:08:13.120Z] GET https://massivemonster.com/_nuxt/FAsM1KYn.js → 200 (286ms, 681B)
[2026-08-06T01:08:13.120Z] GET https://massivemonster.com/_nuxt/DP8zPLar.js → 200 (449ms, 8705B)
[2026-08-06T01:08:13.120Z] GET https://massivemonster.com/_nuxt/BHn7mFl2.js → 200 (294ms, 775B)
[2026-08-06T01:08:13.120Z] GET https://massivemonster.com/_nuxt/about.CyeWeAJz.css → 200 (248ms, 646B)
[2026-08-06T01:08:13.120Z] GET https://massivemonster.com/_nuxt/Cwu5LkVH.js → 200 (407ms, 3915B)
[2026-08-06T01:08:13.396Z] GET https://massivemonster.com/_payload.json?82c4a0f2-9f2a-422e-a344-f349e13a78e6 → 200 (2ms, -685B)
[2026-08-06T01:08:13.396Z] GET https://massivemonster.com/games/_payload.json?82c4a0f2-9f2a-422e-a344-f349e13a78e6 → 200 (193ms, 582B)
[2026-08-06T01:08:13.398Z] GET https://massivemonster.com/blog/_payload.json?82c4a0f2-9f2a-422e-a344-f349e13a78e6 → 200 (193ms, 7399B)
[2026-08-06T01:08:13.398Z] GET https://massivemonster.com/jobs/_payload.json?82c4a0f2-9f2a-422e-a344-f349e13a78e6 → 200 (194ms, 592B)
[2026-08-06T01:08:13.398Z] GET https://massivemonster.com/about/_payload.json?82c4a0f2-9f2a-422e-a344-f349e13a78e6 → 200 (194ms, 7641B)
[2026-08-06T01:08:13.398Z] GET https://massivemonster.com/monsterfund/_payload.json?82c4a0f2-9f2a-422e-a344-f349e13a78e6 → 200 (194ms, 577B)
[2026-08-06T01:08:13.398Z] GET https://massivemonster.com/contact/_payload.json?82c4a0f2-9f2a-422e-a344-f349e13a78e6 → 200 (195ms, 579B)
[2026-08-06T01:08:13.468Z] GET https://massivemonster.com/_nuxt/Bzqaaz7C.js → 200 (185ms, 3395B)
[2026-08-06T01:08:13.468Z] GET https://massivemonster.com/_nuxt/B7E9WMzw.js → 200 (191ms, 1365B)
[2026-08-06T01:08:13.660Z] GET https://massivemonster.com/_nuxt/BNV3IEgH.js → 200 (331ms, 14389B)
[2026-08-06T01:08:13.660Z] GET https://massivemonster.com/_nuxt/BvBQgZGm.js → 200 (160ms, 2438B)
[2026-08-06T01:08:13.660Z] GET https://massivemonster.com/_nuxt/J9NIrDTP.js → 200 (329ms, 23391B)
[2026-08-06T01:08:13.660Z] GET https://massivemonster.com/_nuxt/Z7yCR9cJ.js → 200 (160ms, 1005B)
[2026-08-06T01:08:13.660Z] GET https://massivemonster.com/_nuxt/RwRN83Y_.js → 200 (310ms, 3582B)
[2026-08-06T01:08:13.992Z] GET https://massivemonster.com/_nuxt/BRW1yd0s.js → pending (?ms, ?B)
[2026-08-06T01:08:13.992Z] GET https://massivemonster.com/_nuxt/Bc1nghtl.js → pending (?ms, ?B)
[2026-08-06T01:08:14.047Z] GET https://massivemonster.com/_nuxt/vD5qdC0H.js → 200 (148ms, 3679B)
[2026-08-06T01:08:14.047Z] GET https://massivemonster.com/_nuxt/DOBfnx1m.js → 200 (146ms, 2767B)
[2026-08-06T01:08:14.066Z] POST https://massivemonster.com/cdn-cgi/rum? → 204 (131ms, 455B)
[2026-08-06T01:08:14.193Z] GET https://massivemonster.com/_nuxt/CAdcOs4z.js → 200 (167ms, 64100B)
[2026-08-06T01:08:14.368Z] GET https://massivemonster.com/spine/massivemonster_hands.json → 200 (143ms, 4947B)
[2026-08-06T01:08:14.375Z] GET https://massivemonster.com/spine/massivemonster.json → 200 (150ms, 18332B)
[2026-08-06T01:08:14.513Z] GET https://massivemonster.com/spine/massivemonster_hands.atlas → 200 (150ms, 1477B)
[2026-08-06T01:08:14.513Z] GET https://massivemonster.com/cdn-cgi/image/f=webp,q=80/spine/massivemonster_hands.png → 200 (147ms, 24701B)
[2026-08-06T01:08:14.528Z] GET https://massivemonster.com/spine/massivemonster.atlas → 200 (155ms, 2899B)
[2026-08-06T01:08:14.528Z] GET https://massivemonster.com/cdn-cgi/image/f=png/spine/massivemonster.png → 200 (149ms, 197207B)
[2026-08-06T01:08:15.796Z] GET https://massivemonster.com/cdn-cgi/image/w=1,h=1,q=65/image/adventure-pals/adventure-pals-faded.jpg → 200 (?ms, 1085B)
[2026-08-06T01:08:15.796Z] GET https://massivemonster.com/cdn-cgi/image/w=1,h=400,q=65,fit=contain/image/adventure-pals/adventure-pals-logo.png → 200 (?ms, 750B)
[2026-08-06T01:08:15.950Z] GET https://111percent.net/ → pending (?ms, ?B)
[2026-08-06T01:08:16.016Z] GET https://111percent.net/_next/static/css/2a0ac61a1e6b7a43.css → 200 (14ms, 1376B)
[2026-08-06T01:08:16.016Z] GET https://111percent.net/_next/static/css/ec7a77937f55ecc9.css → 200 (11ms, 20462B)
[2026-08-06T01:08:16.016Z] GET https://111percent.net/_next/static/css/2801ce2134c7db11.css → 200 (15ms, 4295B)
[2026-08-06T01:08:16.016Z] GET https://111percent.net/_next/static/chunks/webpack-c38fc64bf9e8a19d.js → 200 (20ms, 3688B)
[2026-08-06T01:08:16.016Z] GET https://111percent.net/_next/static/chunks/4bd1b696-cf72ae8a39fa05aa.js → 200 (77ms, 173035B)
[2026-08-06T01:08:16.016Z] GET https://111percent.net/_next/static/chunks/964-1c77a3846bb96230.js → 200 (95ms, 166312B)
[2026-08-06T01:08:16.016Z] GET https://111percent.net/_next/static/chunks/main-app-e5a850b9544177e6.js → 200 (78ms, 772B)
[2026-08-06T01:08:16.016Z] GET https://111percent.net/_next/static/chunks/900-452f9855a5d24f08.js → 200 (115ms, 162268B)
[2026-08-06T01:08:16.016Z] GET https://111percent.net/_next/static/chunks/863-47f4e56880964e54.js → 200 (115ms, 6585B)
[2026-08-06T01:08:16.016Z] GET https://111percent.net/_next/static/chunks/302-9b708ed64ecb4216.js → 200 (115ms, 11958B)
[2026-08-06T01:08:16.016Z] GET https://111percent.net/_next/static/chunks/app/page-0ea473cd2c64f241.js → 200 (115ms, 6671B)
[2026-08-06T01:08:16.031Z] GET https://cdn.jsdelivr.net/gh/orioncactus/pretendard@v1.3.9/dist/web/static/pretendard-dynamic-subset.min.css → 200 (21ms, 21676B)
[2026-08-06T01:08:16.031Z] GET https://fonts.googleapis.com/css2?family=Montserrat:ital,wght@0,100..900;1,100..900&family=Noto+Sans+JP:wght@100..900&display=swap → 200 (154ms, 31432B)
[2026-08-06T01:08:16.247Z] GET https://fonts.gstatic.com/s/montserrat/v31/JTUSjIg1_i6t8kCHKm459Wlhyw.woff2 → 200 (148ms, 38506B)
[2026-08-06T01:08:16.247Z] GET https://cdn.jsdelivr.net/gh/orioncactus/pretendard@v1.3.9/packages/pretendard/dist/web/static/woff2-dynamic-subset/Pretendard-Regular.subset.91.woff2 → 200 (92ms, 20514B)
[2026-08-06T01:08:16.247Z] GET https://111percent.net/img/logo.png → 200 (20ms, 9800B)
[2026-08-06T01:08:16.247Z] GET https://111percent.net/img/icon_blog.png → 200 (20ms, 1986B)
[2026-08-06T01:08:16.247Z] GET https://111percent.net/img/icon_linked_in.png → 200 (20ms, 1790B)
[2026-08-06T01:08:16.247Z] GET https://111percent.net/img/icon_youtube.png → 200 (20ms, 1778B)
[2026-08-06T01:08:16.338Z] GET https://111percent.net/img/enter_logo.png → 200 (2ms, 154641B)
[2026-08-06T01:08:16.338Z] GET https://111percent.net/img/games/app_legfish.png → 200 (2ms, 52244B)
[2026-08-06T01:08:16.338Z] GET https://111percent.net/img/games/app_tough_road.png → 200 (2ms, 71935B)
[2026-08-06T01:08:16.338Z] GET https://111percent.net/img/games/app_survivor_mr.who.png → 200 (2ms, 66405B)
[2026-08-06T01:08:16.338Z] GET https://111percent.net/img/games/app_gotdoll.png → 200 (3ms, 42636B)
[2026-08-06T01:08:16.338Z] GET https://111percent.net/img/games/app_telloy.png → 200 (3ms, 57090B)
[2026-08-06T01:08:16.338Z] GET https://111percent.net/img/games/app_random_busters.png → 200 (4ms, 61497B)
[2026-08-06T01:08:16.338Z] GET https://111percent.net/img/games/app_towar.png → 200 (13ms, 28750B)
[2026-08-06T01:08:16.338Z] GET https://111percent.net/img/games/app_heroll.png → 200 (15ms, 38925B)
[2026-08-06T01:08:16.338Z] GET https://111percent.net/img/games/app_tower_breaker.png → 200 (28ms, 26483B)
[2026-08-06T01:08:16.338Z] GET https://111percent.net/img/games/app_lucky_defense.png → 200 (28ms, 51165B)
[2026-08-06T01:08:16.338Z] GET https://111percent.net/img/games/app_rush_slayer.png → 200 (28ms, 31647B)
[2026-08-06T01:08:16.338Z] GET https://111percent.net/img/games/app_space_alchemy.png → 200 (35ms, 25901B)
[2026-08-06T01:08:16.338Z] GET https://111percent.net/img/games/app_sperman.png → 200 (35ms, 12656B)
[2026-08-06T01:08:16.338Z] GET https://111percent.net/img/games/app_toucha.png → 200 (41ms, 16662B)
[2026-08-06T01:08:16.338Z] GET https://111percent.net/img/games/app_random_dice_go.png → 200 (35ms, 70012B)
[2026-08-06T01:08:16.338Z] GET https://111percent.net/img/games/app_roll_roll_dice_heroes.png → 200 (48ms, 66502B)
[2026-08-06T01:08:16.338Z] GET https://111percent.net/img/games/app_wild_tamer.png → 200 (54ms, 82612B)
[2026-08-06T01:08:16.339Z] GET https://111percent.net/img/games/app_rainbow_breaker.png → 200 (61ms, 37180B)
[2026-08-06T01:08:16.339Z] GET https://111percent.net/img/games/app_wiggle_whale.png → 200 (66ms, 12583B)
[2026-08-06T01:08:16.339Z] GET https://111percent.net/img/games/app_rune_rider.png → 200 (67ms, 43119B)
[2026-08-06T01:08:16.339Z] GET https://111percent.net/img/games/app_relichunter.png → 200 (72ms, 74831B)
[2026-08-06T01:08:16.339Z] GET https://111percent.net/img/games/app_random_dice_wars.png → 200 (79ms, 56538B)
[2026-08-06T01:08:16.339Z] GET https://111percent.net/img/games/app_turretz_planetz.png → 200 (88ms, 22215B)
[2026-08-06T01:08:16.339Z] GET https://111percent.net/img/games/app_goodnight_rudy.png → 200 (83ms, 42502B)
[2026-08-06T01:08:16.339Z] GET https://111percent.net/img/games/app_slingshot.io.png → 200 (97ms, 47634B)
[2026-08-06T01:08:16.339Z] GET https://111percent.net/img/games/app_save_wildlife.png → 200 (105ms, 25132B)
[2026-08-06T01:08:16.339Z] GET https://111percent.net/img/games/app_royal_strike.png → 200 (109ms, 50995B)
[2026-08-06T01:08:16.339Z] GET https://111percent.net/img/games/app_1655f.png → 200 (115ms, 27318B)
[2026-08-06T01:08:16.339Z] GET https://111percent.net/img/games/app_lucky_offense.png → 200 (138ms, 49557B)
[2026-08-06T01:08:16.339Z] GET https://111percent.net/img/games/app_royal_blade.png → 200 (139ms, 34515B)
[2026-08-06T01:08:16.339Z] GET https://111percent.net/img/games/app_swordcat_chad.png → 200 (148ms, 36842B)
[2026-08-06T01:08:16.339Z] GET https://111percent.net/img/games/app_retro_rangers.png → 200 (156ms, 52245B)
[2026-08-06T01:08:16.339Z] GET https://111percent.net/img/games/app_weapongo.png → 200 (181ms, 52840B)
[2026-08-06T01:08:16.339Z] GET https://111percent.net/img/games/app_wil_knight.png → 200 (184ms, 69028B)
[2026-08-06T01:08:16.339Z] GET https://111percent.net/img/games/app_timpuz.png → 200 (194ms, 27314B)
[2026-08-06T01:08:16.339Z] GET https://111percent.net/img/games/app_small_bang.png → 200 (195ms, 27478B)
[2026-08-06T01:08:16.339Z] GET https://111percent.net/img/games/app_too_many_slimes.png → 200 (204ms, 48590B)
[2026-08-06T01:08:16.339Z] GET https://111percent.net/img/games/app_royal_tank.png → 200 (204ms, 39924B)
[2026-08-06T01:08:16.339Z] GET https://111percent.net/img/games/app_random_dice_defense.png → 200 (204ms, 80835B)
[2026-08-06T01:08:16.339Z] GET https://111percent.net/img/games/app_whitehole.png → 200 (204ms, 37398B)
[2026-08-06T01:08:16.339Z] GET https://cdn.jsdelivr.net/gh/orioncactus/pretendard@v1.3.9/packages/pretendard/dist/web/static/woff2-dynamic-subset/Pretendard-ExtraBold.subset.91.woff2 → 200 (18ms, 20758B)
[2026-08-06T01:08:16.365Z] GET https://111percent.net/img/room/room_background_1.png → 200 (180ms, 346367B)
[2026-08-06T01:08:16.365Z] GET https://111percent.net/img/room/room_background_2.png → 200 (210ms, 536044B)
[2026-08-06T01:08:16.365Z] GET https://111percent.net/img/room/room_background_4.png → 200 (255ms, 471162B)
[2026-08-06T01:08:16.366Z] GET https://111percent.net/img/room/room_background_7.png → 200 (211ms, 512663B)
[2026-08-06T01:08:16.366Z] GET https://111percent.net/img/room/room_about.png → 200 (238ms, 360813B)
[2026-08-06T01:08:16.366Z] GET https://111percent.net/img/room/room_about_label.png → 200 (240ms, 25540B)
[2026-08-06T01:08:16.366Z] GET https://111percent.net/img/room/room_games.png → 200 (238ms, 349337B)
[2026-08-06T01:08:16.366Z] GET https://111percent.net/img/room/room_games_label.png → 200 (251ms, 19471B)
[2026-08-06T01:08:16.366Z] GET https://111percent.net/img/room/room_careers.png → 200 (254ms, 467634B)
[2026-08-06T01:08:16.366Z] GET https://111percent.net/img/room/room_careers_label.png → 200 (250ms, 22877B)
[2026-08-06T01:08:16.366Z] GET https://111percent.net/img/room/room_contact.png → 200 (254ms, 398672B)
[2026-08-06T01:08:16.366Z] GET https://111percent.net/img/room/room_contact_label.png → 200 (249ms, 22682B)
[2026-08-06T01:13:12.011Z] GET http://localhost:8791/index.html → 200 (5ms, ?B)
[2026-08-06T01:13:12.031Z] GET https://fonts.googleapis.com/css2?family=Jua&family=Noto+Sans+KR:wght@400;500;700&display=swap → pending (?ms, ?B)
[2026-08-06T01:13:12.031Z] GET http://localhost:8791/assets/style.css → pending (?ms, ?B)
[2026-08-06T01:13:12.031Z] GET http://localhost:8791/assets/img/maou_desk.webp → pending (?ms, ?B)
[2026-08-06T01:13:12.031Z] GET http://localhost:8791/assets/img/title.png → pending (?ms, ?B)
[2026-08-06T01:13:12.031Z] GET http://localhost:8791/assets/img/maou_cheer.webp → pending (?ms, ?B)
[2026-08-06T01:13:12.849Z] GET https://fonts.gstatic.com/s/jua/v18/co3KmW9ljjAjdojPCM3T3NGswha8jSmuzy4jzT-N.118.woff2 → pending (?ms, ?B)
[2026-08-06T01:13:12.849Z] GET https://fonts.gstatic.com/s/notosanskr/v39/PbykFmXiEBPT4ITbgNA5Cgm20xz64px_1hVWr0wuPNGmlQNMEfD4.118.woff2 → pending (?ms, ?B)
[2026-08-06T01:13:12.849Z] GET https://fonts.gstatic.com/s/notosanskr/v39/PbykFmXiEBPT4ITbgNA5CgmG0X7t.woff2 → pending (?ms, ?B)
[2026-08-06T01:13:12.849Z] GET https://fonts.gstatic.com/s/jua/v18/co3KmW9ljjATdOrY.woff2 → pending (?ms, ?B)
[2026-08-06T01:13:12.849Z] GET https://fonts.gstatic.com/s/notosanskr/v39/PbykFmXiEBPT4ITbgNA5Cgm20xz64px_1hVWr0wuPNGmlQNMEfD4.116.woff2 → pending (?ms, ?B)
[2026-08-06T01:13:12.850Z] GET https://fonts.gstatic.com/s/jua/v18/co3KmW9ljjAjdojPCM3T3NGswha8jSmuzy4jzT-N.117.woff2 → pending (?ms, ?B)
[2026-08-06T01:13:12.850Z] GET https://fonts.gstatic.com/s/jua/v18/co3KmW9ljjAjdojPCM3T3NGswha8jSmuzy4jzT-N.115.woff2 → pending (?ms, ?B)
[2026-08-06T01:13:12.850Z] GET https://fonts.gstatic.com/s/jua/v18/co3KmW9ljjAjdojPCM3T3NGswha8jSmuzy4jzT-N.113.woff2 → pending (?ms, ?B)
[2026-08-06T01:13:12.850Z] GET https://fonts.gstatic.com/s/notosanskr/v39/PbykFmXiEBPT4ITbgNA5Cgm20xz64px_1hVWr0wuPNGmlQNMEfD4.115.woff2 → pending (?ms, ?B)
[2026-08-06T01:13:12.850Z] GET https://fonts.gstatic.com/s/notosanskr/v39/PbykFmXiEBPT4ITbgNA5Cgm20xz64px_1hVWr0wuPNGmlQNMEfD4.114.woff2 → pending (?ms, ?B)
[2026-08-06T01:13:12.850Z] GET https://fonts.gstatic.com/s/jua/v18/co3KmW9ljjAjdojPCM3T3NGswha8jSmuzy4jzT-N.119.woff2 → pending (?ms, ?B)
[2026-08-06T01:13:12.850Z] GET https://fonts.gstatic.com/s/jua/v18/co3KmW9ljjAjdojPCM3T3NGswha8jSmuzy4jzT-N.116.woff2 → pending (?ms, ?B)
[2026-08-06T01:13:12.850Z] GET https://fonts.gstatic.com/s/jua/v18/co3KmW9ljjAjdojPCM3T3NGswha8jSmuzy4jzT-N.109.woff2 → pending (?ms, ?B)
[2026-08-06T01:13:12.850Z] GET https://fonts.gstatic.com/s/notosanskr/v39/PbykFmXiEBPT4ITbgNA5Cgm20xz64px_1hVWr0wuPNGmlQNMEfD4.119.woff2 → pending (?ms, ?B)
[2026-08-06T01:13:12.850Z] GET https://fonts.gstatic.com/s/notosanskr/v39/PbykFmXiEBPT4ITbgNA5Cgm20xz64px_1hVWr0wuPNGmlQNMEfD4.117.woff2 → pending (?ms, ?B)
[2026-08-06T01:13:12.850Z] GET https://fonts.gstatic.com/s/notosanskr/v39/PbykFmXiEBPT4ITbgNA5Cgm20xz64px_1hVWr0wuPNGmlQNMEfD4.113.woff2 → pending (?ms, ?B)
[2026-08-06T01:13:12.850Z] GET https://fonts.gstatic.com/s/notosanskr/v39/PbykFmXiEBPT4ITbgNA5Cgm20xz64px_1hVWr0wuPNGmlQNMEfD4.111.woff2 → pending (?ms, ?B)
[2026-08-06T01:13:12.850Z] GET https://fonts.gstatic.com/s/notosanskr/v39/PbykFmXiEBPT4ITbgNA5Cgm20xz64px_1hVWr0wuPNGmlQNMEfD4.109.woff2 → pending (?ms, ?B)
[2026-08-06T01:13:12.851Z] GET https://fonts.gstatic.com/s/jua/v18/co3KmW9ljjAjdojPCM3T3NGswha8jSmuzy4jzT-N.114.woff2 → pending (?ms, ?B)
[2026-08-06T01:13:12.851Z] GET https://fonts.gstatic.com/s/notosanskr/v39/PbykFmXiEBPT4ITbgNA5Cgm20xz64px_1hVWr0wuPNGmlQNMEfD4.112.woff2 → pending (?ms, ?B)
[2026-08-06T01:13:12.851Z] GET https://fonts.gstatic.com/s/notosanskr/v39/PbykFmXiEBPT4ITbgNA5Cgm20xz64px_1hVWr0wuPNGmlQNMEfD4.110.woff2 → pending (?ms, ?B)
[2026-08-06T01:13:12.851Z] GET https://fonts.gstatic.com/s/notosanskr/v39/PbykFmXiEBPT4ITbgNA5Cgm20xz64px_1hVWr0wuPNGmlQNMEfD4.107.woff2 → pending (?ms, ?B)
[2026-08-06T01:13:12.851Z] GET https://fonts.gstatic.com/s/notosanskr/v39/PbykFmXiEBPT4ITbgNA5Cgm20xz64px_1hVWr0wuPNGmlQNMEfD4.108.woff2 → pending (?ms, ?B)
[2026-08-06T01:13:14.755Z] GET http://localhost:8791/dungeon.html → 200 (4ms, 6313B)
[2026-08-06T01:13:14.764Z] GET https://fonts.googleapis.com/css2?family=Jua&family=Noto+Sans+KR:wght@400;500;700&display=swap → 200 (?ms, -743B)
[2026-08-06T01:13:14.764Z] GET http://localhost:8791/assets/style.css → 200 (?ms, -187B)
[2026-08-06T01:13:14.764Z] GET http://localhost:8791/assets/img/maou_cheer.webp → 200 (?ms, -189B)
[2026-08-06T01:13:14.769Z] GET http://localhost:8791/assets/img/title.png → 200 (?ms, -189B)
[2026-08-06T01:13:14.774Z] GET https://fonts.gstatic.com/s/jua/v18/co3KmW9ljjAjdojPCM3T3NGswha8jSmuzy4jzT-N.109.woff2 → 200 (?ms, -815B)
[2026-08-06T01:13:14.774Z] GET https://fonts.gstatic.com/s/jua/v18/co3KmW9ljjAjdojPCM3T3NGswha8jSmuzy4jzT-N.113.woff2 → 200 (?ms, -815B)
[2026-08-06T01:13:14.774Z] GET https://fonts.gstatic.com/s/jua/v18/co3KmW9ljjAjdojPCM3T3NGswha8jSmuzy4jzT-N.114.woff2 → 200 (?ms, -815B)
[2026-08-06T01:13:14.774Z] GET https://fonts.gstatic.com/s/jua/v18/co3KmW9ljjAjdojPCM3T3NGswha8jSmuzy4jzT-N.115.woff2 → 200 (?ms, -815B)
[2026-08-06T01:13:14.774Z] GET https://fonts.gstatic.com/s/jua/v18/co3KmW9ljjAjdojPCM3T3NGswha8jSmuzy4jzT-N.116.woff2 → 200 (?ms, -815B)
[2026-08-06T01:13:14.774Z] GET https://fonts.gstatic.com/s/jua/v18/co3KmW9ljjAjdojPCM3T3NGswha8jSmuzy4jzT-N.117.woff2 → 200 (?ms, -815B)
[2026-08-06T01:13:14.774Z] GET https://fonts.gstatic.com/s/jua/v18/co3KmW9ljjAjdojPCM3T3NGswha8jSmuzy4jzT-N.118.woff2 → 200 (?ms, -815B)
[2026-08-06T01:13:14.774Z] GET https://fonts.gstatic.com/s/jua/v18/co3KmW9ljjAjdojPCM3T3NGswha8jSmuzy4jzT-N.119.woff2 → 200 (1ms, -815B)
[2026-08-06T01:13:14.775Z] GET https://fonts.gstatic.com/s/jua/v18/co3KmW9ljjATdOrY.woff2 → 200 (?ms, -815B)
[2026-08-06T01:13:14.775Z] GET https://fonts.gstatic.com/s/notosanskr/v39/PbykFmXiEBPT4ITbgNA5Cgm20xz64px_1hVWr0wuPNGmlQNMEfD4.107.woff2 → 200 (?ms, -815B)
[2026-08-06T01:13:14.775Z] GET https://fonts.gstatic.com/s/notosanskr/v39/PbykFmXiEBPT4ITbgNA5Cgm20xz64px_1hVWr0wuPNGmlQNMEfD4.108.woff2 → 200 (?ms, -815B)
[2026-08-06T01:13:14.775Z] GET https://fonts.gstatic.com/s/notosanskr/v39/PbykFmXiEBPT4ITbgNA5Cgm20xz64px_1hVWr0wuPNGmlQNMEfD4.109.woff2 → 200 (?ms, -815B)
[2026-08-06T01:13:14.775Z] GET https://fonts.gstatic.com/s/notosanskr/v39/PbykFmXiEBPT4ITbgNA5Cgm20xz64px_1hVWr0wuPNGmlQNMEfD4.110.woff2 → 200 (?ms, -815B)
[2026-08-06T01:13:14.775Z] GET https://fonts.gstatic.com/s/notosanskr/v39/PbykFmXiEBPT4ITbgNA5Cgm20xz64px_1hVWr0wuPNGmlQNMEfD4.111.woff2 → 200 (?ms, -815B)
[2026-08-06T01:13:14.775Z] GET https://fonts.gstatic.com/s/notosanskr/v39/PbykFmXiEBPT4ITbgNA5Cgm20xz64px_1hVWr0wuPNGmlQNMEfD4.112.woff2 → 200 (?ms, -815B)
[2026-08-06T01:13:14.775Z] GET https://fonts.gstatic.com/s/notosanskr/v39/PbykFmXiEBPT4ITbgNA5Cgm20xz64px_1hVWr0wuPNGmlQNMEfD4.113.woff2 → 200 (?ms, -815B)
[2026-08-06T01:13:14.775Z] GET https://fonts.gstatic.com/s/notosanskr/v39/PbykFmXiEBPT4ITbgNA5Cgm20xz64px_1hVWr0wuPNGmlQNMEfD4.114.woff2 → 200 (?ms, -815B)
[2026-08-06T01:13:14.776Z] GET https://fonts.gstatic.com/s/notosanskr/v39/PbykFmXiEBPT4ITbgNA5Cgm20xz64px_1hVWr0wuPNGmlQNMEfD4.115.woff2 → 200 (?ms, -815B)
[2026-08-06T01:13:14.776Z] GET https://fonts.gstatic.com/s/notosanskr/v39/PbykFmXiEBPT4ITbgNA5Cgm20xz64px_1hVWr0wuPNGmlQNMEfD4.116.woff2 → 200 (?ms, -815B)
[2026-08-06T01:13:14.776Z] GET https://fonts.gstatic.com/s/notosanskr/v39/PbykFmXiEBPT4ITbgNA5Cgm20xz64px_1hVWr0wuPNGmlQNMEfD4.117.woff2 → 200 (1ms, -815B)
[2026-08-06T01:13:14.777Z] GET https://fonts.gstatic.com/s/notosanskr/v39/PbykFmXiEBPT4ITbgNA5Cgm20xz64px_1hVWr0wuPNGmlQNMEfD4.118.woff2 → 200 (?ms, -815B)
[2026-08-06T01:13:14.777Z] GET https://fonts.gstatic.com/s/notosanskr/v39/PbykFmXiEBPT4ITbgNA5Cgm20xz64px_1hVWr0wuPNGmlQNMEfD4.119.woff2 → 200 (?ms, -815B)
[2026-08-06T01:13:14.777Z] GET https://fonts.gstatic.com/s/notosanskr/v39/PbykFmXiEBPT4ITbgNA5CgmG0X7t.woff2 → 200 (?ms, -815B)
[2026-08-06T01:13:15.014Z] GET http://localhost:8791/assets/img/gameplay.png → 200 (7ms, 179066B)
[2026-08-06T01:13:15.014Z] GET http://localhost:8791/assets/img/levelup.png → 200 (7ms, 124314B)
[2026-08-06T01:13:15.014Z] GET http://localhost:8791/assets/img/orbit.png → 200 (8ms, 125372B)
[2026-08-06T01:13:15.014Z] GET http://localhost:8791/assets/img/shop.png → 200 (8ms, 122898B)
[2026-08-06T01:13:15.014Z] GET http://localhost:8791/assets/img/bossrush.png → 200 (8ms, 81927B)
[2026-08-06T01:13:43.451Z] GET http://localhost:8791/campaign.html → 200 (4ms, 5375B)
[2026-08-06T01:13:43.459Z] GET https://fonts.googleapis.com/css2?family=Jua&family=Noto+Sans+KR:wght@400;500;700&display=swap → 200 (?ms, -743B)
[2026-08-06T01:13:43.459Z] GET http://localhost:8791/assets/style.css → 304 (7ms, ?B)
[2026-08-06T01:13:43.459Z] GET http://localhost:8791/assets/img/maou_cheer.webp → 200 (?ms, -189B)
[2026-08-06T01:13:43.729Z] GET https://fonts.gstatic.com/s/jua/v18/co3KmW9ljjAjdojPCM3T3NGswha8jSmuzy4jzT-N.109.woff2 → 200 (?ms, -815B)
[2026-08-06T01:13:43.729Z] GET https://fonts.gstatic.com/s/jua/v18/co3KmW9ljjAjdojPCM3T3NGswha8jSmuzy4jzT-N.113.woff2 → 200 (2ms, -815B)
[2026-08-06T01:13:43.731Z] GET https://fonts.gstatic.com/s/jua/v18/co3KmW9ljjAjdojPCM3T3NGswha8jSmuzy4jzT-N.114.woff2 → 200 (?ms, -815B)
[2026-08-06T01:13:43.731Z] GET https://fonts.gstatic.com/s/jua/v18/co3KmW9ljjAjdojPCM3T3NGswha8jSmuzy4jzT-N.115.woff2 → 200 (?ms, -815B)
[2026-08-06T01:13:43.731Z] GET https://fonts.gstatic.com/s/jua/v18/co3KmW9ljjAjdojPCM3T3NGswha8jSmuzy4jzT-N.116.woff2 → 200 (?ms, -815B)
[2026-08-06T01:13:43.731Z] GET https://fonts.gstatic.com/s/jua/v18/co3KmW9ljjAjdojPCM3T3NGswha8jSmuzy4jzT-N.117.woff2 → 200 (?ms, -815B)
[2026-08-06T01:13:43.731Z] GET https://fonts.gstatic.com/s/jua/v18/co3KmW9ljjAjdojPCM3T3NGswha8jSmuzy4jzT-N.118.woff2 → 200 (?ms, -815B)
[2026-08-06T01:13:43.731Z] GET https://fonts.gstatic.com/s/jua/v18/co3KmW9ljjAjdojPCM3T3NGswha8jSmuzy4jzT-N.119.woff2 → 200 (?ms, -815B)
[2026-08-06T01:13:43.731Z] GET https://fonts.gstatic.com/s/jua/v18/co3KmW9ljjATdOrY.woff2 → 200 (?ms, -815B)
[2026-08-06T01:13:43.731Z] GET https://fonts.gstatic.com/s/notosanskr/v39/PbykFmXiEBPT4ITbgNA5Cgm20xz64px_1hVWr0wuPNGmlQNMEfD4.107.woff2 → 200 (?ms, -815B)
[2026-08-06T01:13:43.731Z] GET https://fonts.gstatic.com/s/notosanskr/v39/PbykFmXiEBPT4ITbgNA5Cgm20xz64px_1hVWr0wuPNGmlQNMEfD4.108.woff2 → 200 (?ms, -815B)
[2026-08-06T01:13:43.731Z] GET https://fonts.gstatic.com/s/notosanskr/v39/PbykFmXiEBPT4ITbgNA5Cgm20xz64px_1hVWr0wuPNGmlQNMEfD4.109.woff2 → 200 (1ms, -815B)
[2026-08-06T01:13:43.732Z] GET https://fonts.gstatic.com/s/notosanskr/v39/PbykFmXiEBPT4ITbgNA5Cgm20xz64px_1hVWr0wuPNGmlQNMEfD4.110.woff2 → 200 (?ms, -815B)
[2026-08-06T01:13:43.732Z] GET https://fonts.gstatic.com/s/notosanskr/v39/PbykFmXiEBPT4ITbgNA5Cgm20xz64px_1hVWr0wuPNGmlQNMEfD4.111.woff2 → 200 (?ms, -815B)
[2026-08-06T01:13:43.732Z] GET https://fonts.gstatic.com/s/notosanskr/v39/PbykFmXiEBPT4ITbgNA5Cgm20xz64px_1hVWr0wuPNGmlQNMEfD4.112.woff2 → 200 (?ms, -815B)
[2026-08-06T01:13:43.732Z] GET https://fonts.gstatic.com/s/notosanskr/v39/PbykFmXiEBPT4ITbgNA5Cgm20xz64px_1hVWr0wuPNGmlQNMEfD4.113.woff2 → 200 (?ms, -815B)
[2026-08-06T01:13:43.732Z] GET https://fonts.gstatic.com/s/notosanskr/v39/PbykFmXiEBPT4ITbgNA5Cgm20xz64px_1hVWr0wuPNGmlQNMEfD4.114.woff2 → 200 (?ms, -815B)
[2026-08-06T01:13:43.732Z] GET https://fonts.gstatic.com/s/notosanskr/v39/PbykFmXiEBPT4ITbgNA5Cgm20xz64px_1hVWr0wuPNGmlQNMEfD4.115.woff2 → 200 (?ms, -815B)
[2026-08-06T01:13:43.732Z] GET https://fonts.gstatic.com/s/notosanskr/v39/PbykFmXiEBPT4ITbgNA5Cgm20xz64px_1hVWr0wuPNGmlQNMEfD4.116.woff2 → 200 (1ms, -815B)
[2026-08-06T01:13:43.733Z] GET https://fonts.gstatic.com/s/notosanskr/v39/PbykFmXiEBPT4ITbgNA5Cgm20xz64px_1hVWr0wuPNGmlQNMEfD4.117.woff2 → 200 (?ms, -815B)
[2026-08-06T01:13:43.733Z] GET https://fonts.gstatic.com/s/notosanskr/v39/PbykFmXiEBPT4ITbgNA5Cgm20xz64px_1hVWr0wuPNGmlQNMEfD4.118.woff2 → 200 (?ms, -815B)
[2026-08-06T01:13:43.733Z] GET https://fonts.gstatic.com/s/notosanskr/v39/PbykFmXiEBPT4ITbgNA5Cgm20xz64px_1hVWr0wuPNGmlQNMEfD4.119.woff2 → 200 (?ms, -815B)
[2026-08-06T01:13:43.733Z] GET https://fonts.gstatic.com/s/notosanskr/v39/PbykFmXiEBPT4ITbgNA5CgmG0X7t.woff2 → 200 (?ms, -815B)
[2026-08-06T01:13:43.733Z] GET https://fonts.gstatic.com/s/jua/v18/co3KmW9ljjAjdojPCM3T3NGswha8jSmuzy4jzT-N.112.woff2 → 200 (38ms, 26633B)
[2026-08-06T01:13:43.733Z] GET https://fonts.gstatic.com/s/jua/v18/co3KmW9ljjAjdojPCM3T3NGswha8jSmuzy4jzT-N.111.woff2 → 200 (38ms, 26253B)
[2026-08-06T01:13:45.003Z] GET http://localhost:8791/index.html → 200 (4ms, ?B)
[2026-08-06T01:13:45.011Z] GET https://fonts.googleapis.com/css2?family=Jua&family=Noto+Sans+KR:wght@400;500;700&display=swap → 200 (?ms, -743B)
[2026-08-06T01:13:45.011Z] GET http://localhost:8791/assets/style.css → 200 (?ms, -187B)
[2026-08-06T01:13:45.011Z] GET http://localhost:8791/assets/img/maou_desk.webp → 200 (?ms, -190B)
[2026-08-06T01:13:45.011Z] GET http://localhost:8791/assets/img/title.png → 200 (?ms, -189B)
[2026-08-06T01:13:45.011Z] GET http://localhost:8791/assets/img/maou_cheer.webp → 200 (?ms, -189B)
[2026-08-06T01:13:45.017Z] GET https://fonts.gstatic.com/s/jua/v18/co3KmW9ljjAjdojPCM3T3NGswha8jSmuzy4jzT-N.109.woff2 → 200 (?ms, -815B)
[2026-08-06T01:13:45.017Z] GET https://fonts.gstatic.com/s/jua/v18/co3KmW9ljjAjdojPCM3T3NGswha8jSmuzy4jzT-N.111.woff2 → 200 (?ms, -815B)
[2026-08-06T01:13:45.018Z] GET https://fonts.gstatic.com/s/jua/v18/co3KmW9ljjAjdojPCM3T3NGswha8jSmuzy4jzT-N.112.woff2 → 200 (?ms, -815B)
[2026-08-06T01:13:45.018Z] GET https://fonts.gstatic.com/s/jua/v18/co3KmW9ljjAjdojPCM3T3NGswha8jSmuzy4jzT-N.113.woff2 → 200 (?ms, -815B)
[2026-08-06T01:13:45.019Z] GET https://fonts.gstatic.com/s/jua/v18/co3KmW9ljjAjdojPCM3T3NGswha8jSmuzy4jzT-N.114.woff2 → 200 (?ms, -815B)
[2026-08-06T01:13:45.019Z] GET https://fonts.gstatic.com/s/jua/v18/co3KmW9ljjAjdojPCM3T3NGswha8jSmuzy4jzT-N.115.woff2 → 200 (?ms, -815B)
[2026-08-06T01:13:45.019Z] GET https://fonts.gstatic.com/s/jua/v18/co3KmW9ljjAjdojPCM3T3NGswha8jSmuzy4jzT-N.116.woff2 → 200 (?ms, -815B)
[2026-08-06T01:13:45.019Z] GET https://fonts.gstatic.com/s/jua/v18/co3KmW9ljjAjdojPCM3T3NGswha8jSmuzy4jzT-N.117.woff2 → 200 (?ms, -815B)
[2026-08-06T01:13:45.019Z] GET https://fonts.gstatic.com/s/jua/v18/co3KmW9ljjAjdojPCM3T3NGswha8jSmuzy4jzT-N.118.woff2 → 200 (?ms, -815B)
[2026-08-06T01:13:45.019Z] GET https://fonts.gstatic.com/s/jua/v18/co3KmW9ljjAjdojPCM3T3NGswha8jSmuzy4jzT-N.119.woff2 → 200 (?ms, -815B)
[2026-08-06T01:13:45.019Z] GET https://fonts.gstatic.com/s/jua/v18/co3KmW9ljjATdOrY.woff2 → 200 (?ms, -815B)
[2026-08-06T01:13:45.019Z] GET https://fonts.gstatic.com/s/notosanskr/v39/PbykFmXiEBPT4ITbgNA5Cgm20xz64px_1hVWr0wuPNGmlQNMEfD4.107.woff2 → 200 (?ms, -815B)
[2026-08-06T01:13:45.019Z] GET https://fonts.gstatic.com/s/notosanskr/v39/PbykFmXiEBPT4ITbgNA5Cgm20xz64px_1hVWr0wuPNGmlQNMEfD4.108.woff2 → 200 (?ms, -815B)
[2026-08-06T01:13:45.019Z] GET https://fonts.gstatic.com/s/notosanskr/v39/PbykFmXiEBPT4ITbgNA5Cgm20xz64px_1hVWr0wuPNGmlQNMEfD4.109.woff2 → 200 (1ms, -815B)
[2026-08-06T01:13:45.020Z] GET https://fonts.gstatic.com/s/notosanskr/v39/PbykFmXiEBPT4ITbgNA5Cgm20xz64px_1hVWr0wuPNGmlQNMEfD4.110.woff2 → 200 (?ms, -815B)
[2026-08-06T01:13:45.020Z] GET https://fonts.gstatic.com/s/notosanskr/v39/PbykFmXiEBPT4ITbgNA5Cgm20xz64px_1hVWr0wuPNGmlQNMEfD4.111.woff2 → 200 (?ms, -815B)
[2026-08-06T01:13:45.020Z] GET https://fonts.gstatic.com/s/notosanskr/v39/PbykFmXiEBPT4ITbgNA5Cgm20xz64px_1hVWr0wuPNGmlQNMEfD4.112.woff2 → 200 (?ms, -815B)
[2026-08-06T01:13:45.020Z] GET https://fonts.gstatic.com/s/notosanskr/v39/PbykFmXiEBPT4ITbgNA5Cgm20xz64px_1hVWr0wuPNGmlQNMEfD4.113.woff2 → 200 (?ms, -815B)
[2026-08-06T01:13:45.020Z] GET https://fonts.gstatic.com/s/notosanskr/v39/PbykFmXiEBPT4ITbgNA5Cgm20xz64px_1hVWr0wuPNGmlQNMEfD4.114.woff2 → 200 (?ms, -815B)
[2026-08-06T01:13:45.020Z] GET https://fonts.gstatic.com/s/notosanskr/v39/PbykFmXiEBPT4ITbgNA5Cgm20xz64px_1hVWr0wuPNGmlQNMEfD4.115.woff2 → 200 (?ms, -815B)
[2026-08-06T01:13:45.020Z] GET https://fonts.gstatic.com/s/notosanskr/v39/PbykFmXiEBPT4ITbgNA5Cgm20xz64px_1hVWr0wuPNGmlQNMEfD4.116.woff2 → 200 (1ms, -815B)
[2026-08-06T01:13:45.021Z] GET https://fonts.gstatic.com/s/notosanskr/v39/PbykFmXiEBPT4ITbgNA5Cgm20xz64px_1hVWr0wuPNGmlQNMEfD4.117.woff2 → 200 (?ms, -815B)
[2026-08-06T01:13:45.021Z] GET https://fonts.gstatic.com/s/notosanskr/v39/PbykFmXiEBPT4ITbgNA5Cgm20xz64px_1hVWr0wuPNGmlQNMEfD4.118.woff2 → 200 (?ms, -815B)
[2026-08-06T01:13:45.021Z] GET https://fonts.gstatic.com/s/notosanskr/v39/PbykFmXiEBPT4ITbgNA5Cgm20xz64px_1hVWr0wuPNGmlQNMEfD4.119.woff2 → 200 (?ms, -815B)
[2026-08-06T01:13:45.021Z] GET https://fonts.gstatic.com/s/notosanskr/v39/PbykFmXiEBPT4ITbgNA5CgmG0X7t.woff2 → 200 (?ms, -815B)
[2026-08-06T01:13:58.503Z] GET http://localhost:8791/index.html → 200 (1ms, -187B)
[2026-08-06T01:13:58.509Z] GET https://fonts.googleapis.com/css2?family=Jua&family=Noto+Sans+KR:wght@400;500;700&display=swap → 200 (1ms, -743B)
[2026-08-06T01:13:58.510Z] GET http://localhost:8791/assets/style.css → 200 (?ms, -187B)
[2026-08-06T01:13:58.510Z] GET http://localhost:8791/assets/img/maou_desk.webp → 200 (?ms, -190B)
[2026-08-06T01:13:58.510Z] GET http://localhost:8791/assets/img/title.png → 200 (?ms, -189B)
[2026-08-06T01:13:58.510Z] GET http://localhost:8791/assets/img/maou_cheer.webp → 200 (?ms, -189B)
[2026-08-06T01:13:58.518Z] GET https://fonts.gstatic.com/s/jua/v18/co3KmW9ljjAjdojPCM3T3NGswha8jSmuzy4jzT-N.109.woff2 → 200 (?ms, -815B)
[2026-08-06T01:13:58.518Z] GET https://fonts.gstatic.com/s/jua/v18/co3KmW9ljjAjdojPCM3T3NGswha8jSmuzy4jzT-N.111.woff2 → 200 (1ms, -815B)
[2026-08-06T01:13:58.519Z] GET https://fonts.gstatic.com/s/jua/v18/co3KmW9ljjAjdojPCM3T3NGswha8jSmuzy4jzT-N.112.woff2 → 200 (?ms, -815B)
[2026-08-06T01:13:58.519Z] GET https://fonts.gstatic.com/s/jua/v18/co3KmW9ljjAjdojPCM3T3NGswha8jSmuzy4jzT-N.113.woff2 → 200 (?ms, -815B)
[2026-08-06T01:13:58.519Z] GET https://fonts.gstatic.com/s/jua/v18/co3KmW9ljjAjdojPCM3T3NGswha8jSmuzy4jzT-N.114.woff2 → 200 (?ms, -815B)
[2026-08-06T01:13:58.519Z] GET https://fonts.gstatic.com/s/jua/v18/co3KmW9ljjAjdojPCM3T3NGswha8jSmuzy4jzT-N.115.woff2 → 200 (?ms, -815B)
[2026-08-06T01:13:58.519Z] GET https://fonts.gstatic.com/s/jua/v18/co3KmW9ljjAjdojPCM3T3NGswha8jSmuzy4jzT-N.116.woff2 → 200 (?ms, -815B)
[2026-08-06T01:13:58.519Z] GET https://fonts.gstatic.com/s/jua/v18/co3KmW9ljjAjdojPCM3T3NGswha8jSmuzy4jzT-N.117.woff2 → 200 (?ms, -815B)
[2026-08-06T01:13:58.519Z] GET https://fonts.gstatic.com/s/jua/v18/co3KmW9ljjAjdojPCM3T3NGswha8jSmuzy4jzT-N.118.woff2 → 200 (?ms, -815B)
[2026-08-06T01:13:58.519Z] GET https://fonts.gstatic.com/s/jua/v18/co3KmW9ljjAjdojPCM3T3NGswha8jSmuzy4jzT-N.119.woff2 → 200 (?ms, -815B)
[2026-08-06T01:13:58.519Z] GET https://fonts.gstatic.com/s/jua/v18/co3KmW9ljjATdOrY.woff2 → 200 (?ms, -815B)
[2026-08-06T01:13:58.519Z] GET https://fonts.gstatic.com/s/notosanskr/v39/PbykFmXiEBPT4ITbgNA5Cgm20xz64px_1hVWr0wuPNGmlQNMEfD4.107.woff2 → 200 (?ms, -815B)
[2026-08-06T01:13:58.519Z] GET https://fonts.gstatic.com/s/notosanskr/v39/PbykFmXiEBPT4ITbgNA5Cgm20xz64px_1hVWr0wuPNGmlQNMEfD4.108.woff2 → 200 (?ms, -815B)
[2026-08-06T01:13:58.519Z] GET https://fonts.gstatic.com/s/notosanskr/v39/PbykFmXiEBPT4ITbgNA5Cgm20xz64px_1hVWr0wuPNGmlQNMEfD4.109.woff2 → 200 (?ms, -815B)
[2026-08-06T01:13:58.519Z] GET https://fonts.gstatic.com/s/notosanskr/v39/PbykFmXiEBPT4ITbgNA5Cgm20xz64px_1hVWr0wuPNGmlQNMEfD4.110.woff2 → 200 (?ms, -815B)
[2026-08-06T01:13:58.519Z] GET https://fonts.gstatic.com/s/notosanskr/v39/PbykFmXiEBPT4ITbgNA5Cgm20xz64px_1hVWr0wuPNGmlQNMEfD4.111.woff2 → 200 (?ms, -815B)
[2026-08-06T01:13:58.519Z] GET https://fonts.gstatic.com/s/notosanskr/v39/PbykFmXiEBPT4ITbgNA5Cgm20xz64px_1hVWr0wuPNGmlQNMEfD4.112.woff2 → 200 (?ms, -815B)
[2026-08-06T01:13:58.520Z] GET https://fonts.gstatic.com/s/notosanskr/v39/PbykFmXiEBPT4ITbgNA5Cgm20xz64px_1hVWr0wuPNGmlQNMEfD4.113.woff2 → 200 (?ms, -815B)
[2026-08-06T01:13:58.520Z] GET https://fonts.gstatic.com/s/notosanskr/v39/PbykFmXiEBPT4ITbgNA5Cgm20xz64px_1hVWr0wuPNGmlQNMEfD4.114.woff2 → 200 (?ms, -815B)
[2026-08-06T01:13:58.520Z] GET https://fonts.gstatic.com/s/notosanskr/v39/PbykFmXiEBPT4ITbgNA5Cgm20xz64px_1hVWr0wuPNGmlQNMEfD4.115.woff2 → 200 (?ms, -815B)
[2026-08-06T01:13:58.520Z] GET https://fonts.gstatic.com/s/notosanskr/v39/PbykFmXiEBPT4ITbgNA5Cgm20xz64px_1hVWr0wuPNGmlQNMEfD4.116.woff2 → 200 (?ms, -815B)
[2026-08-06T01:13:58.520Z] GET https://fonts.gstatic.com/s/notosanskr/v39/PbykFmXiEBPT4ITbgNA5Cgm20xz64px_1hVWr0wuPNGmlQNMEfD4.117.woff2 → 200 (?ms, -815B)
[2026-08-06T01:13:58.520Z] GET https://fonts.gstatic.com/s/notosanskr/v39/PbykFmXiEBPT4ITbgNA5Cgm20xz64px_1hVWr0wuPNGmlQNMEfD4.118.woff2 → 200 (?ms, -815B)
[2026-08-06T01:13:58.520Z] GET https://fonts.gstatic.com/s/notosanskr/v39/PbykFmXiEBPT4ITbgNA5Cgm20xz64px_1hVWr0wuPNGmlQNMEfD4.119.woff2 → 200 (?ms, -815B)
[2026-08-06T01:13:58.521Z] GET https://fonts.gstatic.com/s/notosanskr/v39/PbykFmXiEBPT4ITbgNA5CgmG0X7t.woff2 → 200 (?ms, -815B)
[2026-08-06T01:14:11.023Z] GET http://localhost:8791/index.html → 200 (4ms, ?B)
[2026-08-06T01:14:11.031Z] GET https://fonts.googleapis.com/css2?family=Jua&family=Noto+Sans+KR:wght@400;500;700&display=swap → 200 (1ms, -743B)
[2026-08-06T01:14:11.032Z] GET http://localhost:8791/assets/style.css → 304 (7ms, ?B)
[2026-08-06T01:14:11.032Z] GET http://localhost:8791/assets/img/maou_desk.webp → 200 (?ms, -190B)
[2026-08-06T01:14:11.032Z] GET http://localhost:8791/assets/img/title.png → 200 (?ms, -189B)
[2026-08-06T01:14:11.032Z] GET http://localhost:8791/assets/img/maou_cheer.webp → 200 (?ms, -189B)
[2026-08-06T01:14:11.279Z] GET https://fonts.gstatic.com/s/jua/v18/co3KmW9ljjAjdojPCM3T3NGswha8jSmuzy4jzT-N.109.woff2 → 200 (?ms, -815B)
[2026-08-06T01:14:11.279Z] GET https://fonts.gstatic.com/s/jua/v18/co3KmW9ljjAjdojPCM3T3NGswha8jSmuzy4jzT-N.111.woff2 → 200 (?ms, -815B)
[2026-08-06T01:14:11.279Z] GET https://fonts.gstatic.com/s/jua/v18/co3KmW9ljjAjdojPCM3T3NGswha8jSmuzy4jzT-N.112.woff2 → 200 (2ms, -815B)
[2026-08-06T01:14:11.281Z] GET https://fonts.gstatic.com/s/jua/v18/co3KmW9ljjAjdojPCM3T3NGswha8jSmuzy4jzT-N.113.woff2 → 200 (?ms, -815B)
[2026-08-06T01:14:11.281Z] GET https://fonts.gstatic.com/s/jua/v18/co3KmW9ljjAjdojPCM3T3NGswha8jSmuzy4jzT-N.114.woff2 → 200 (?ms, -815B)
[2026-08-06T01:14:11.281Z] GET https://fonts.gstatic.com/s/jua/v18/co3KmW9ljjAjdojPCM3T3NGswha8jSmuzy4jzT-N.115.woff2 → 200 (?ms, -815B)
[2026-08-06T01:14:11.281Z] GET https://fonts.gstatic.com/s/jua/v18/co3KmW9ljjAjdojPCM3T3NGswha8jSmuzy4jzT-N.116.woff2 → 200 (?ms, -815B)
[2026-08-06T01:14:11.281Z] GET https://fonts.gstatic.com/s/jua/v18/co3KmW9ljjAjdojPCM3T3NGswha8jSmuzy4jzT-N.117.woff2 → 200 (?ms, -815B)
[2026-08-06T01:14:11.281Z] GET https://fonts.gstatic.com/s/jua/v18/co3KmW9ljjAjdojPCM3T3NGswha8jSmuzy4jzT-N.118.woff2 → 200 (?ms, -815B)
[2026-08-06T01:14:11.281Z] GET https://fonts.gstatic.com/s/jua/v18/co3KmW9ljjAjdojPCM3T3NGswha8jSmuzy4jzT-N.119.woff2 → 200 (?ms, -815B)
[2026-08-06T01:14:11.281Z] GET https://fonts.gstatic.com/s/jua/v18/co3KmW9ljjATdOrY.woff2 → 200 (?ms, -815B)
[2026-08-06T01:14:11.281Z] GET https://fonts.gstatic.com/s/notosanskr/v39/PbykFmXiEBPT4ITbgNA5Cgm20xz64px_1hVWr0wuPNGmlQNMEfD4.107.woff2 → 200 (?ms, -815B)
[2026-08-06T01:14:11.281Z] GET https://fonts.gstatic.com/s/notosanskr/v39/PbykFmXiEBPT4ITbgNA5Cgm20xz64px_1hVWr0wuPNGmlQNMEfD4.108.woff2 → 200 (?ms, -815B)
[2026-08-06T01:14:11.282Z] GET https://fonts.gstatic.com/s/notosanskr/v39/PbykFmXiEBPT4ITbgNA5Cgm20xz64px_1hVWr0wuPNGmlQNMEfD4.109.woff2 → 200 (?ms, -815B)
[2026-08-06T01:14:11.282Z] GET https://fonts.gstatic.com/s/notosanskr/v39/PbykFmXiEBPT4ITbgNA5Cgm20xz64px_1hVWr0wuPNGmlQNMEfD4.110.woff2 → 200 (?ms, -815B)
[2026-08-06T01:14:11.282Z] GET https://fonts.gstatic.com/s/notosanskr/v39/PbykFmXiEBPT4ITbgNA5Cgm20xz64px_1hVWr0wuPNGmlQNMEfD4.111.woff2 → 200 (?ms, -815B)
[2026-08-06T01:14:11.282Z] GET https://fonts.gstatic.com/s/notosanskr/v39/PbykFmXiEBPT4ITbgNA5Cgm20xz64px_1hVWr0wuPNGmlQNMEfD4.112.woff2 → 200 (?ms, -815B)
[2026-08-06T01:14:11.282Z] GET https://fonts.gstatic.com/s/notosanskr/v39/PbykFmXiEBPT4ITbgNA5Cgm20xz64px_1hVWr0wuPNGmlQNMEfD4.113.woff2 → 200 (?ms, -815B)
[2026-08-06T01:14:11.282Z] GET https://fonts.gstatic.com/s/notosanskr/v39/PbykFmXiEBPT4ITbgNA5Cgm20xz64px_1hVWr0wuPNGmlQNMEfD4.114.woff2 → 200 (?ms, -815B)
[2026-08-06T01:14:11.282Z] GET https://fonts.gstatic.com/s/notosanskr/v39/PbykFmXiEBPT4ITbgNA5Cgm20xz64px_1hVWr0wuPNGmlQNMEfD4.115.woff2 → 200 (?ms, -815B)
[2026-08-06T01:14:11.283Z] GET https://fonts.gstatic.com/s/notosanskr/v39/PbykFmXiEBPT4ITbgNA5Cgm20xz64px_1hVWr0wuPNGmlQNMEfD4.116.woff2 → 200 (?ms, -815B)
[2026-08-06T01:14:11.283Z] GET https://fonts.gstatic.com/s/notosanskr/v39/PbykFmXiEBPT4ITbgNA5Cgm20xz64px_1hVWr0wuPNGmlQNMEfD4.117.woff2 → 200 (?ms, -815B)
[2026-08-06T01:14:11.283Z] GET https://fonts.gstatic.com/s/notosanskr/v39/PbykFmXiEBPT4ITbgNA5Cgm20xz64px_1hVWr0wuPNGmlQNMEfD4.118.woff2 → 200 (?ms, -815B)
[2026-08-06T01:14:11.283Z] GET https://fonts.gstatic.com/s/notosanskr/v39/PbykFmXiEBPT4ITbgNA5Cgm20xz64px_1hVWr0wuPNGmlQNMEfD4.119.woff2 → 200 (?ms, -815B)
[2026-08-06T01:14:11.283Z] GET https://fonts.gstatic.com/s/notosanskr/v39/PbykFmXiEBPT4ITbgNA5CgmG0X7t.woff2 → 200 (?ms, -815B)
[2026-08-06T01:14:44.454Z] GET http://localhost:8791/privacy.html → 200 (4ms, 7022B)
[2026-08-06T01:14:44.465Z] GET https://fonts.googleapis.com/css2?family=Jua&family=Noto+Sans+KR:wght@400;500;700&display=swap → 200 (?ms, -743B)
[2026-08-06T01:14:44.465Z] GET http://localhost:8791/assets/style.css → 200 (3ms, 10033B)
[2026-08-06T01:14:44.639Z] GET https://fonts.gstatic.com/s/jua/v18/co3KmW9ljjAjdojPCM3T3NGswha8jSmuzy4jzT-N.109.woff2 → 200 (?ms, -815B)
[2026-08-06T01:14:44.639Z] GET https://fonts.gstatic.com/s/jua/v18/co3KmW9ljjAjdojPCM3T3NGswha8jSmuzy4jzT-N.111.woff2 → 200 (?ms, -815B)
[2026-08-06T01:14:44.639Z] GET https://fonts.gstatic.com/s/jua/v18/co3KmW9ljjAjdojPCM3T3NGswha8jSmuzy4jzT-N.112.woff2 → 200 (?ms, -815B)
[2026-08-06T01:14:44.639Z] GET https://fonts.gstatic.com/s/jua/v18/co3KmW9ljjAjdojPCM3T3NGswha8jSmuzy4jzT-N.113.woff2 → 200 (?ms, -815B)
[2026-08-06T01:14:44.641Z] GET https://fonts.gstatic.com/s/jua/v18/co3KmW9ljjAjdojPCM3T3NGswha8jSmuzy4jzT-N.114.woff2 → 200 (?ms, -815B)
[2026-08-06T01:14:44.641Z] GET https://fonts.gstatic.com/s/jua/v18/co3KmW9ljjAjdojPCM3T3NGswha8jSmuzy4jzT-N.115.woff2 → 200 (?ms, -815B)
[2026-08-06T01:14:44.641Z] GET https://fonts.gstatic.com/s/jua/v18/co3KmW9ljjAjdojPCM3T3NGswha8jSmuzy4jzT-N.116.woff2 → 200 (?ms, -815B)
[2026-08-06T01:14:44.641Z] GET https://fonts.gstatic.com/s/jua/v18/co3KmW9ljjAjdojPCM3T3NGswha8jSmuzy4jzT-N.117.woff2 → 200 (?ms, -815B)
[2026-08-06T01:14:44.641Z] GET https://fonts.gstatic.com/s/jua/v18/co3KmW9ljjAjdojPCM3T3NGswha8jSmuzy4jzT-N.118.woff2 → 200 (?ms, -815B)
[2026-08-06T01:14:44.641Z] GET https://fonts.gstatic.com/s/jua/v18/co3KmW9ljjAjdojPCM3T3NGswha8jSmuzy4jzT-N.119.woff2 → 200 (?ms, -815B)
[2026-08-06T01:14:44.641Z] GET https://fonts.gstatic.com/s/jua/v18/co3KmW9ljjATdOrY.woff2 → 200 (1ms, -815B)
[2026-08-06T01:14:44.642Z] GET https://fonts.gstatic.com/s/notosanskr/v39/PbykFmXiEBPT4ITbgNA5Cgm20xz64px_1hVWr0wuPNGmlQNMEfD4.107.woff2 → 200 (?ms, -815B)
[2026-08-06T01:14:44.642Z] GET https://fonts.gstatic.com/s/notosanskr/v39/PbykFmXiEBPT4ITbgNA5Cgm20xz64px_1hVWr0wuPNGmlQNMEfD4.108.woff2 → 200 (?ms, -815B)
[2026-08-06T01:14:44.642Z] GET https://fonts.gstatic.com/s/notosanskr/v39/PbykFmXiEBPT4ITbgNA5Cgm20xz64px_1hVWr0wuPNGmlQNMEfD4.109.woff2 → 200 (?ms, -815B)
[2026-08-06T01:14:44.642Z] GET https://fonts.gstatic.com/s/notosanskr/v39/PbykFmXiEBPT4ITbgNA5Cgm20xz64px_1hVWr0wuPNGmlQNMEfD4.110.woff2 → 200 (?ms, -815B)
[2026-08-06T01:14:44.642Z] GET https://fonts.gstatic.com/s/notosanskr/v39/PbykFmXiEBPT4ITbgNA5Cgm20xz64px_1hVWr0wuPNGmlQNMEfD4.111.woff2 → 200 (?ms, -815B)
[2026-08-06T01:14:44.642Z] GET https://fonts.gstatic.com/s/notosanskr/v39/PbykFmXiEBPT4ITbgNA5Cgm20xz64px_1hVWr0wuPNGmlQNMEfD4.112.woff2 → 200 (?ms, -815B)
[2026-08-06T01:14:44.642Z] GET https://fonts.gstatic.com/s/notosanskr/v39/PbykFmXiEBPT4ITbgNA5Cgm20xz64px_1hVWr0wuPNGmlQNMEfD4.113.woff2 → 200 (?ms, -815B)
[2026-08-06T01:14:44.642Z] GET https://fonts.gstatic.com/s/notosanskr/v39/PbykFmXiEBPT4ITbgNA5Cgm20xz64px_1hVWr0wuPNGmlQNMEfD4.114.woff2 → 200 (?ms, -815B)
[2026-08-06T01:14:44.642Z] GET https://fonts.gstatic.com/s/notosanskr/v39/PbykFmXiEBPT4ITbgNA5Cgm20xz64px_1hVWr0wuPNGmlQNMEfD4.115.woff2 → 200 (?ms, -815B)
[2026-08-06T01:14:44.642Z] GET https://fonts.gstatic.com/s/notosanskr/v39/PbykFmXiEBPT4ITbgNA5Cgm20xz64px_1hVWr0wuPNGmlQNMEfD4.116.woff2 → 200 (?ms, -815B)
[2026-08-06T01:14:44.647Z] GET https://fonts.gstatic.com/s/notosanskr/v39/PbykFmXiEBPT4ITbgNA5Cgm20xz64px_1hVWr0wuPNGmlQNMEfD4.117.woff2 → 200 (?ms, -815B)
[2026-08-06T01:14:44.647Z] GET https://fonts.gstatic.com/s/notosanskr/v39/PbykFmXiEBPT4ITbgNA5Cgm20xz64px_1hVWr0wuPNGmlQNMEfD4.118.woff2 → 200 (?ms, -815B)
[2026-08-06T01:14:44.647Z] GET https://fonts.gstatic.com/s/notosanskr/v39/PbykFmXiEBPT4ITbgNA5Cgm20xz64px_1hVWr0wuPNGmlQNMEfD4.119.woff2 → 200 (?ms, -815B)
[2026-08-06T01:14:44.647Z] GET https://fonts.gstatic.com/s/notosanskr/v39/PbykFmXiEBPT4ITbgNA5CgmG0X7t.woff2 → 200 (?ms, -815B)
[2026-08-06T01:14:44.647Z] GET https://fonts.gstatic.com/s/notosanskr/v39/PbykFmXiEBPT4ITbgNA5Cgm20xz64px_1hVWr0wuPNGmlQNMEfD4.105.woff2 → 200 (34ms, 25368B)
[2026-08-06T01:14:44.647Z] GET https://fonts.gstatic.com/s/notosanskr/v39/PbykFmXiEBPT4ITbgNA5Cgm20xz64px_1hVWr0wuPNGmlQNMEfD4.104.woff2 → 200 (37ms, 28805B)
[2026-08-06T01:14:44.647Z] GET https://fonts.gstatic.com/s/notosanskr/v39/PbykFmXiEBPT4ITbgNA5Cgm20xz64px_1hVWr0wuPNGmlQNMEfD4.102.woff2 → 200 (38ms, 25724B)
